location,size,total_sqft,price,category,bhk,price_per_sqft
Himagiri Meadows,2 BHK,869,3600000,Rural,2,4142.69275
Adarsh Nagar,2 BHK,1270,5000000,Urban,2,3937.007874
Bhoganhalli,3 BHK,1670,9900000,Urban,3,5928.143713
Whitefield,3 BHK,2010,9100000,Rural,3,4527.363184
Lakshminarayana Pura,2 BHK,1185,7500000,Rural,2,6329.113924
Yelahanka,3 BHK,1600,7500000,Rural,3,4687.5
Begur Road,2 BHK,1200,4400000,Urban,2,3666.666667
Basavanapura,3 BHK,1612,4674000,Rural,3,2899.503722
Ramakrishnappa Layout,2 BHK,1500,18500000,Urban,2,12333.33333
Murugeshpalya,6 Bedroom,1407,15000000,Rural,6,10660.98081
Govindaraja Nagar Ward,2 BHK,840,4500000,Urban,2,5357.142857
Tharabanahalli,3 Bedroom,4395,24000000,Urban,3,5460.750853
Ganga Nagar,2 BHK,845,5500000,Urban,2,6508.87574
Whitefield,4 Bedroom,5700,65000000,Rural,4,11403.50877
Varthur,2 BHK,1160,4400000,Rural,2,3793.103448
Bommanahalli,8 Bedroom,3000,14000000,Urban,8,4666.666667
Doddathoguru,2 BHK,1100,6200000,Rural,2,5636.363636
Gunjur,2 BHK,1140,4300000,Rural,2,3771.929825
Marathahalli,2 BHK,1220,5700000,Urban,2,4672.131148
Devarachikkanahalli,8 Bedroom,1350,8500000,Urban,8,6296.296296
Kanakpura Road,2 BHK,1005,3668000,Urban,2,3649.751244
Double Road,3 Bedroom,500,10000000,Urban,3,20000
Begur Road,2 BHK,1358,8058000,Urban,2,5933.726068
Hegde Nagar,3 BHK,1569,10100000,Urban,3,6437.22116
Haralur Road,2 BHK,1240,7000000,Urban,2,5645.16129
Hennur Road,3 BHK,2089,14000000,Urban,3,6701.771182
Kothannur,2 BHK,1206,4823000,Rural,2,3999.170813
Kalena Agrahara,2 BHK,1150,4000000,Rural,2,3478.26087
Cholanayakanahalli,3 BHK,2511,20500000,Urban,3,8164.078057
Kaval Byrasandra,2 BHK,460,2200000,Rural,2,4782.608696
ISRO Layout,6 Bedroom,4400,25000000,Urban,6,5681.818182
Kodanda Reddy Layout,3 BHK,1660,10500000,Urban,3,6325.301205
Hennur Road,4 Bedroom,3203.5,22450000,Urban,4,7007.960044
Yelahanka,2 BHK,1326,7800000,Rural,2,5882.352941
Garudachar Palya,3 BHK,1325,6080000,Rural,3,4588.679245
EPIP Zone,3 BHK,1499,10200000,Urban,3,6804.536358
Hegde Nagar,6 Bedroom,3000,21000000,Urban,6,7000
Kanakpura Road,3 BHK,1665,8800000,Urban,3,5285.285285
Dasanapura,2 BHK,708,3700000,Rural,2,5225.988701
Kasavanhalli,2 BHK,1060,5806000,Urban,2,5477.358491
Rajaji Nagar,6 Bedroom,710,16000000,Urban,6,22535.21127
Sanjay nagar,2 BHK,1000,7000000,Urban,2,7000
Electronic City,2 BHK,1000,2888000,Urban,2,2888
Mysore Highway,3 BHK,1450,7000000,Rural,3,4827.586207
ISRO Layout,4 Bedroom,1200,15500000,Urban,4,12916.66667
Thanisandra,2 BHK,1296,8000000,Rural,2,6172.839506
Domlur,3 BHK,1540,9000000,Rural,3,5844.155844
Kengeri,4 Bedroom,2894,24500000,Rural,4,8465.791292
Sarjapura - Attibele Road,3 BHK,1330,4800000,Urban,3,3609.022556
Devasthanagalu,2 BHK,1200,6500000,Rural,2,5416.666667
T Dasarahalli,3 Bedroom,1200,9000000,Urban,3,7500
Yeshwanthpur,3 BHK,2502,13800000,Urban,3,5515.58753
Chandapura,2 BHK,650,1700000,Rural,2,2615.384615
Kothanur,3 Bedroom,2400,15000000,Rural,3,6250
Green View Layout,2 BHK,1007,4300000,Urban,2,4270.109235
Shantiniketan Layout,2 BHK,1200,5000000,Urban,2,4166.666667
Peenya,2 BHK,966,4990000,Rural,2,5165.63147
Nagarbhavi,3 BHK,1630,9800000,Urban,3,6012.269939
Rajaji Nagar,3 BHK,1640,22900000,Urban,3,13963.41463
Jalahalli West,2 BHK,782,5568000,Urban,2,7120.204604
Devanahalli,2 BHK,1260,6678000,Urban,2,5300
Lakshmiamma Garden,3 BHK,1800,12000000,Rural,3,6666.666667
Byatarayanapura,3 BHK,1413,7500000,Rural,3,5307.855626
Whitefield,2 BHK,1116,5191000,Rural,2,4651.433692
Electronic City,3 BHK,1530,4590000,Urban,3,3000
Ramamurthy Nagar,4 Bedroom,3700,22500000,Urban,4,6081.081081
Sarjapur Road,3 Bedroom,2497,14000000,Urban,3,5606.728074
Kengeri,3 BHK,1540,6400000,Rural,3,4155.844156
Thanisandra,3 BHK,1436,7475000,Rural,3,5205.431755
Malleshwaram,2 BHK,1100,7500000,Urban,2,6818.181818
Double Road,3 Bedroom,500,10000000,Rural,3,20000
Begur Road,2 BHK,1358,8058000,Urban,2,5933.726068
Hegde Nagar,3 BHK,1569,10100000,Rural,3,6437.22116
Haralur Road,2 BHK,1240,7000000,Urban,2,5645.16129
Hennur Road,3 BHK,2089,14000000,Urban,3,6701.771182
Kothannur,2 BHK,1206,4823000,Rural,2,3999.170813
Kalena Agrahara,2 BHK,1150,4000000,Rural,2,3478.26087
Cholanayakanahalli,3 BHK,2511,20500000,Rural,3,8164.078057
Kaval Byrasandra,2 BHK,460,2200000,Rural,2,4782.608696
ISRO Layout,6 Bedroom,4400,25000000,Rural,6,5681.818182
Kodanda Reddy Layout,3 BHK,1660,10500000,Rural,3,6325.301205
Hennur Road,4 Bedroom,3203.5,22450000,Urban,4,7007.960044
Yelahanka,2 BHK,1326,7800000,Urban,2,5882.352941
Garudachar Palya,3 BHK,1325,6080000,Rural,3,4588.679245
EPIP Zone,3 BHK,1499,10200000,Rural,3,6804.536358
Hegde Nagar,6 Bedroom,3000,21000000,Rural,6,7000
Kanakpura Road,3 BHK,1665,8800000,Urban,3,5285.285285
Dasanapura,2 BHK,708,3700000,Rural,2,5225.988701
Kasavanhalli,2 BHK,1060,5806000,Rural,2,5477.358491
Rajaji Nagar,6 Bedroom,710,16000000,Urban,6,22535.21127
Sanjay nagar,2 BHK,1000,7000000,Rural,2,7000
Electronic City,2 BHK,1000,2888000,Urban,2,2888
 Mysore Highway,3 BHK,1450,7000000,Rural,3,4827.586207
ISRO Layout,4 Bedroom,1200,15500000,Rural,4,12916.66667
Thanisandra,2 BHK,1296,8000000,Rural,2,6172.839506
Domlur,3 BHK,1540,9000000,Urban,3,5844.155844
Kengeri,4 Bedroom,2894,24500000,Urban,4,8465.791292
Sarjapura - Attibele Road,3 BHK,1330,4800000,Urban,3,3609.022556
Devasthanagalu,2 BHK,1200,6500000,Rural,2,5416.666667
T Dasarahalli,3 Bedroom,1200,9000000,Rural,3,7500
Yeshwanthpur,3 BHK,2502,13800000,Rural,3,5515.58753
Chandapura,2 BHK,650,1700000,Rural,2,2615.384615
Kothanur,3 Bedroom,2400,15000000,Rural,3,6250
Green View Layout,2 BHK,1007,4300000,Rural,2,4270.109235
Shantiniketan Layout,2 BHK,1200,5000000,Rural,2,4166.666667
Peenya,2 BHK,966,4990000,Urban,2,5165.63147
Nagarbhavi,3 BHK,1630,9800000,Rural,3,6012.269939
Rajaji Nagar,3 BHK,1640,22900000,Urban,3,13963.41463
Jalahalli West,2 BHK,782,5568000,Rural,2,7120.204604
Devanahalli,2 BHK,1260,6678000,Rural,2,5300
Lakshmiamma Garden,3 BHK,1800,12000000,Rural,3,6666.666667
Byatarayanapura,3 BHK,1413,7500000,Rural,3,5307.855626
Whitefield,2 BHK,1116,5191000,Urban,2,4651.433692
Electronic City,3 BHK,1530,4590000,Urban,3,3000
Ramamurthy Nagar,4 Bedroom,3700,22500000,Rural,4,6081.081081
Sarjapur  Road,3 Bedroom,2497,14000000,Urban,3,5606.728074
Kengeri,3 BHK,1540,6400000,Urban,3,4155.844156
Thanisandra,3 BHK,1436,7475000,Rural,3,5205.431755
Malleshwaram,2 BHK,1100,7500000,Urban,2,6818.181818
Hennur Road,2 Bedroom,276,2300000,Urban,2,8333.333333
Thanisandra,3 BHK,1427,12000000,Rural,3,8409.250175
Akshaya Nagar,3 BHK,2061,20000000,Rural,3,9704.027171
Hebbal,4 BHK,5611.5,47700000,Urban,4,8500.400962
Shampura,4 BHK,2650,15000000,Rural,4,5660.377358
Devanahalli,3 BHK,1282,6852000,Rural,3,5344.773791
Kadugodi,2 BHK,1050,3400000,Rural,2,3238.095238
LB Shastri Nagar,3 BHK,1600,6500000,Rural,3,4062.5
Vajarahalli,2 BHK,945,5400000,Urban,2,5714.285714
Hormavu,2 BHK,1500,7800000,Rural,2,5200
Vishwapriya Layout,7 Bedroom,950,11500000,Rural,7,12105.26316
Peenya,3 BHK,1870,11000000,Urban,3,5882.352941
Sarjapur,3 Bedroom,1600,7500000,Urban,3,4687.5
Electronic City,2 BHK,880,1650000,Urban,2,1875
Ramaswamy Palya - Kammanahalli Main Road,4 Bedroom,1200,21000000,Rural,4,17500
Kudlu Gate,3 BHK,1535,8300000,Rural,3,5407.166124
Kanakpura Road,2 BHK,950,5700000,Urban,2,6000
Devanahalli,2 BHK,1360,6500000,Rural,2,4779.411765
Kengeri Satellite Town,2 BHK,890,3500000,Urban,2,3932.58427
Bommasandra Industrial Area,3 BHK,1280,5040000,Urban,3,3937.5
Chandra Layout,3 BHK,1260,8505000,Rural,3,6750
Hennur Road,8 Bedroom,5000,25000000,Urban,8,5000
Yelahanka,5 BHK,3050,21300000,Urban,5,6983.606557
Kasavanhalli,3 BHK,1563.05,10500000,Rural,3,6717.635392
ISRO Layout,2 BHK,1000,6000000,Rural,2,6000
Anandapura,2 BHK,1167,4376000,Rural,2,3749.785775
Vishveshwarya Layout,7 BHK,4000,22500000,Rural,7,5625
Kothanur,3 BHK,1828,11000000,Rural,3,6017.50547
Kengeri Satellite Town,2 BHK,890,3500000,Urban,2,3932.58427
Basavanapura,3 BHK,1612,4674000,Urban,3,2899.503722
Dinnur,6 Bedroom,1034,18500000,Rural,6,17891.68279
Mysore Road,3 BHK,1710,9131000,Rural,3,5339.766082
Kannamangala,2 BHK,957,5800000,Rural,2,6060.606061
 Devarachikkanahalli,3 BHK,1250,4400000,Rural,3,3520
Sanjeevini Nagar,3 BHK,2795,23500000,Rural,3,8407.871199
Hulimavu,2 BHK,1125,5000000,Rural,2,4444.444444
Electronic City Phase II,2 BHK,1020,3060000,Urban,2,3000
Kalena Agrahara,2 BHK,1200,5000000,Rural,2,4166.666667
Thanisandra,3 BHK,1735,13500000,Rural,3,7780.979827
Thanisandra,3 BHK,2050,14500000,Rural,3,7073.170732
Mahalakshmi Layout,4 Bedroom,3750,76000000,Rural,4,20266.66667
Yarandahalli,3 BHK,1350,4800000,Rural,3,3555.555556
Hosa Road,2 BHK,1063,3200000,Rural,2,3010.348071
Keshava Nagar,3 BHK,1904,15000000,Rural,3,7878.151261
Whitefield,4 Bedroom,4200,42000000,Urban,4,10000
RMV Extension,3 BHK,2000,17500000,Rural,3,8750
Sarjapur,2 BHK,1242.5,4349000,Urban,2,3500.201207
Tejaswini Nagar,3 BHK,1425,7500000,Rural,3,5263.157895
Electronic City,3 BHK,1500,6450000,Urban,3,4300
Electronic City,2 BHK,1060,6000000,Urban,2,5660.377358
Jai Bheema Nagar,3 BHK,1470,7000000,Rural,3,4761.904762
Kothnur Narayanapura,6 BHK,1300,9900000,Rural,6,7615.384615
Attibele,1 BHK,450,1100000,Urban,1,2444.444444
Electronic City,2 BHK,1152,6450000,Urban,2,5598.958333
Electronic City,3 BHK,1350,5600000,Urban,3,4148.148148
CV Raman Nagar,3 BHK,1550,6500000,Urban,3,4193.548387
CHIKKATIRUPATHI,3 Bedroom,1500,10000000,Rural,3,6666.666667
Kumaraswami Layout,5 Bedroom,600,8500000,Rural,5,14166.66667
Nagavara,1 Bedroom,400,1400000,Urban,1,3500
Malleshwaram,1 BHK,705,6700000,Urban,1,9503.546099
Electronic City,2 BHK,770,3600000,Urban,2,4675.324675
Hulimavu,2 BHK,1242,5100000,Rural,2,4106.280193
Hebbal Kempapura,3 BHK,1700,15500000,Urban,3,9117.647059
Thanisandra,3 BHK,2144,14500000,Rural,3,6763.059701
Vijayanagar,3 BHK,1704,11000000,Urban,3,6455.399061
Electronic City,2 BHK,1070,5200000,Urban,2,4859.813084
8th block Koramangala,3 Bedroom,1846,30000000,Urban,3,16251.35428
Jakkuru Layout,2 BHK,1340,5570000,Rural,2,4156.716418
Electronic City,2 BHK,1025,4600000,Urban,2,4487.804878
KR Puram,2 BHK,1277.5,5680000,Urban,2,4446.183953
Marathahalli,2 BHK,1200,5200000,Urban,2,4333.333333
Kanakpura Road,4 Bedroom,2250,11000000,Urban,4,4888.888889
Pattandur Agrahara,3 BHK,1550,8000000,Rural,3,5161.290323
Bellandur,4 Bedroom,1200,32500000,Urban,4,27083.33333
Ejipura,7 Bedroom,1800,25000000,Rural,7,13888.88889
Marathahalli,2 BHK,1200,6000000,Urban,2,5000
Yelahanka,2 BHK,1327,9800000,Urban,2,7385.079126
Kothanur,2 BHK,1186,5800000,Rural,2,4890.387858
MS Pallya,3 Bedroom,1783,11500000,Rural,3,6449.803702
HSR Layout,3 BHK,1400,5600000,Urban,3,4000
Nagasandra,2 BHK,980,4800000,Urban,2,4897.959184
EPIP Zone,2 BHK,1285,8200000,Rural,2,6381.322957
Langford Town,3 BHK,912,7000000,Rural,3,7675.438596
Whitefield,2 BHK,1225,4760000,Urban,2,3885.714286
Whitefield,2 BHK,1075,5300000,Urban,2,4930.232558
Kadugodi,3 BHK,1260,5400000,Rural,3,4285.714286
Yelahanka,3 BHK,1282,4870000,Urban,3,3798.75195
Kogilu,3 BHK,1909,8800000,Rural,3,4609.743321
Panathur,2 BHK,1359,8700000,Rural,2,6401.766004
Nagondanahalli,2 BHK,1207,4350000,Rural,2,3603.976802
Padmanabhanagar,4 Bedroom,1736,19000000,Urban,4,10944.70046
1st Block Jayanagar,4 BHK,2850,42800000,Urban,4,15017.54386
Kammasandra,3 BHK,1595,6500000,Rural,3,4075.23511
"Off Sarjapur Road, ",3 BHK,1798,8900000,Urban,3,4949.944383
Electronics City Phase 1,3 BHK,1475,7829000,Rural,3,5307.79661
Tala Cauvery Layout,3 BHK,1580,10000000,Rural,3,6329.113924
Dasarahalli,2 BHK,1295,6500000,Rural,2,5019.305019
Magadi Road,6 Bedroom,3600,14100000,Rural,6,3916.666667
Electronic City,1 BHK,589,2700000,Urban,1,4584.040747
Ngef Layout,3 BHK,1415,7800000,Rural,3,5512.367491
Sarjapur  Road,3 BHK,1787,9829000,Urban,3,5500.279799
Sarjapur  Road,3 BHK,1787,12500000,Urban,3,6994.963626
Koramangala,3 BHK,1475,9000000,Urban,3,6101.694915
"Lakshminarayanapura, Electronic City Phase 2",4 BHK,2000,7550000,Urban,4,3775
Sarjapur  Road,2 BHK,984,4428000,Urban,2,4500
Devanahalli,3 BHK,1630,7482000,Rural,3,4590.184049
Muthurayya Swamy Layout,3 BHK,2405,26000000,Rural,3,10810.81081
7th Phase JP Nagar,2 BHK,1080,7200000,Urban,2,6666.666667
Shantiniketan Layout,2 Bedroom,1500,11500000,Rural,2,7666.666667
Hebbal,3 BHK,1900,11900000,Urban,3,6263.157895
Dommasandra,2 BHK,805,2214000,Urban,2,2750.310559
Budigere,2 BHK,1153,5640000,Rural,2,4891.587164
Dodda Nekkundi Extension,2 BHK,1148,6000000,Rural,2,5226.480836
Mylasandra,2 BHK,1110,5500000,Rural,2,4954.954955
Electronic City,2 BHK,1100,4200000,Urban,2,3818.181818
Kalyan nagar,2 BHK,1290,11000000,Rural,2,8527.131783
Dr Shivarama Karantha Nagar,3 BHK,1500,6500000,Rural,3,4333.333333
Bank Of Baroda Colony,2 BHK,1080,3900000,Rural,2,3611.111111
Vijayanagar,3 BHK,1933,12900000,Urban,3,6673.564408
Ramamurthy Nagar,5 Bedroom,3500,15000000,Urban,5,4285.714286
Kullappa Colony,2 BHK,1060,6000000,Rural,2,5660.377358
Chandapura,1 BHK,645,1645000,Rural,1,2550.387597
Mukkutam Nagar,8 Bedroom,2600,18000000,Rural,8,6923.076923
Chandapura,1 BHK,645,1645000,Rural,1,2550.387597
Ashwath Nagar,3 BHK,1644,8400000,Rural,3,5109.489051
Ncpr Industrial Layout,2 BHK,1285,7250000,Rural,2,5642.023346
Electronic City,3 Bedroom,1200,9000000,Urban,3,7500
Electronic City,2 BHK,910,4000000,Urban,2,4395.604396
Kothanur,3 BHK,1577,7000000,Rural,3,4438.807863
Meenakunte,3 Bedroom,4050,28000000,Rural,3,6913.580247
OMBR Layout,3 BHK,2420,18500000,Rural,3,7644.628099
Chandapura,2 BHK,800,2000000,Rural,2,2500
Anand Nagar,2 BHK,1060,5500000,Rural,2,5188.679245
7th Phase JP Nagar,2 BHK,1270,9300000,Urban,2,7322.834646
Shree Ananth Nagar Layout,2 BHK,900,2250000,Rural,2,2500
Kundalahalli Colony,2 Bedroom,1280,6900000,Rural,2,5390.625
Horamavu Agara,4 Bedroom,1200,9500000,Rural,4,7916.666667
Sarjapur  Road,2 BHK,1025,3600000,Urban,2,3512.195122
Electronic City,2 BHK,1108,6300000,Urban,2,5685.920578
MCECHS  layout,5 Bedroom,1200,17000000,Rural,5,14166.66667
Coffee Board Layout,3 BHK,3045,17000000,Rural,3,5582.922824
Ambedkar Nagar,4 Bedroom,2900,30000000,Rural,4,10344.82759
Vijayanagar,3 BHK,1500,7550000,Urban,3,5033.333333
Raja Rajeshwari Nagar,2 BHK,1295,4390000,Urban,2,3389.96139
Budigere,2 BHK,1162,5990000,Rural,2,5154.905336
Sarjapur  Road,2 BHK,1035,4920000,Urban,2,4753.623188
Attibele,4 Bedroom,1600,5280000,Urban,4,3300
KUDLU MAIN ROAD,3 BHK,1464,4600000,Urban,3,3142.076503
Hennur Road,3 BHK,1866,6158000,Rural,3,3300.107181
Geleyara Balaga Layout,2 BHK,700,2600000,Rural,2,3714.285714
Kalena Agrahara,3 BHK,1804,12000000,Rural,3,6651.884701
Sarjapur,2 BHK,913,3200000,Urban,2,3504.928806
Talaghattapura,3 BHK,1868,13100000,Rural,3,7012.847966
Kengeri Satellite Town,2 BHK,883,4500000,Urban,2,5096.262741
Sundara Nagar,2 Bedroom,900,11000000,Rural,2,12222.22222
Kogilu,3 BHK,1664,7395000,Rural,3,4444.110577
Hegde Nagar,3 BHK,2026,13200000,Rural,3,6515.301086
Balagere,2 BHK,1210,8090000,Rural,2,6685.950413
Meenakunte,4 Bedroom,4111,25000000,Rural,4,6081.245439
Kadugodi,3 BHK,1762,9145000,Rural,3,5190.124858
Jigani,3 BHK,1252,5500000,Rural,3,4392.971246
Gollarapalya Hosahalli,2 BHK,861,3450000,Rural,2,4006.968641
7th Phase JP Nagar,3 BHK,1420,10000000,Urban,3,7042.253521
Srirampura,6 Bedroom,1450,25000000,Rural,6,17241.37931
Electronics City Phase 1,3 BHK,1490,7880000,Rural,3,5288.590604
Bisuvanahalli,3 BHK,1075,4600000,Rural,3,4279.069767
Old Madras Road,3 BHK,1425,9400000,Rural,3,6596.491228
Kalena Agrahara,2 BHK,1200,4000000,Rural,2,3333.333333
Kaggadasapura,3 BHK,1280,5600000,Urban,3,4375
Silver Springs Layout,2 BHK,1084,5000000,Rural,2,4612.546125
Chandapura,2 BHK,1015,2588000,Rural,2,2549.753695
Kanakpura Road,2 BHK,1017,5125000,Urban,2,5039.331367
Haralur Road,2 BHK,1027,4400000,Rural,2,4284.323272
Electronic City Phase II,2 BHK,1069,4500000,Urban,2,4209.541628
Hebbal,2 BHK,1349,9820000,Urban,2,7279.466271
9th Phase JP Nagar,2 BHK,1005,5000000,Urban,2,4975.124378
Jakkur,2 BHK,1417,7500000,Rural,2,5292.872265
TC Palaya,3 Bedroom,1475,9800000,Rural,3,6644.067797
Maruthi Sevanagar,2 BHK,950,4700000,Rural,2,4947.368421
RMV 2nd Stage,4 BHK,2000,12000000,Rural,4,6000
Giri Nagar,3 Bedroom,880,14000000,Rural,3,15909.09091
Giri Nagar,3 Bedroom,880,14000000,Urban,3,15909.09091
Sarjapur  Road,4 BHK,1863,10400000,Urban,4,5582.393988
Singasandra,2 BHK,1010,2950000,Urban,2,2920.792079
Kalena Agrahara,3 BHK,1425,7000000,Urban,3,4912.280702
Vijayanagar,3 BHK,1450,10000000,Urban,3,6896.551724
Kothanur,3 BHK,1847,10500000,Urban,3,5684.894423
AECS Layout,2 BHK,1100,4500000,Urban,2,4090.909091
Kanakpura Road,1 BHK,525,2600000,Urban,1,4952.380952
Mallasandra,3 BHK,1665,9500000,Urban,3,5705.705706
Begur,4 BHK,1664,6500000,Urban,4,3906.25
JP Nagar,3 BHK,1850,15000000,Urban,3,8108.108108
Panathur,2 BHK,1438,10000000,Urban,2,6954.102921
Sunder Ram Shetty Nagar,3 BHK,1560,11500000,Urban,3,7371.794872
Yelahanka,2 BHK,1350,5555000,Urban,2,4114.814815
Kanakpura Road,3 BHK,1550,6700000,Urban,3,4322.580645
Malleshpalya,2 BHK,1140,4650000,Urban,2,4078.947368
Srirampura,5 Bedroom,1200,18000000,Urban,5,15000
Kodathi,2 BHK,850,2700000,Urban,2,3176.470588
Whitefield,2 BHK,1280,7500000,Urban,2,5859.375
Munnekollal,2 BHK,1170,5200000,Urban,2,4444.444444
Motappa Layout,2 BHK,1113,5100000,Urban,2,4582.210243
Hennur Road,2 BHK,1385,8309000,Urban,2,5999.277978
Electronic City,2 BHK,1128,6500000,Urban,2,5762.411348
Marathahalli,2 Bedroom,1200,12800000,Urban,2,10666.66667
Akshaya Vana,4 Bedroom,1200,16500000,Urban,4,13750
Rajaji Nagar,3 BHK,2390,41500000,Urban,3,17364.01674
Giri Nagar,4 Bedroom,2400,40000000,Urban,4,16666.66667
Haralur Road,3 BHK,1464,5600000,Urban,3,3825.136612
Manayata Tech Park,2 BHK,1200,5500000,Urban,2,4583.333333
Kaval Byrasandra,2 BHK,1200,5200000,Urban,2,4333.333333
Kaggalipura,3 BHK,1150,5500000,Urban,3,4782.608696
Basavanna Nagar,3 BHK,1645,9500000,Urban,3,5775.075988
Sarjapur  Road,2 BHK,1000,6700000,Urban,2,6700
Haralur Road,4 Bedroom,2650,19800000,Urban,4,7471.698113
6th Phase JP Nagar,2 BHK,1192,7400000,Urban,2,6208.053691
Ulsoor,3 BHK,2135,21500000,Urban,3,10070.25761
Whitefield,2 BHK,1173,5800000,Urban,2,4944.58653
Uttarahalli,2 BHK,1020,4500000,Urban,2,4411.764706
Thigalarapalya,4 BHK,3122,23000000,Urban,4,7367.072389
Somasundara Palya,3 BHK,1600,6400000,Urban,3,4000
T.C PALYA,2 Bedroom,1200,7900000,Urban,2,6583.333333
Muneshwara Nagar,2 BHK,1230,4800000,Urban,2,3902.439024
 Devarachikkanahalli,2 BHK,1250,4000000,Urban,2,3200
Kalena Agrahara,2 BHK,1325,7600000,Urban,2,5735.849057
7th Phase JP Nagar,3 BHK,1850,15000000,Urban,3,8108.108108
Kanakpura Road,1 BHK,525,2153000,Urban,1,4100.952381
Basaveshwara Nagar,2 BHK,1200,6500000,Urban,2,5416.666667
Bull Temple Road,3 Bedroom,1350,14000000,Urban,3,10370.37037
Bommasandra,3 BHK,1260,4936000,Urban,3,3917.460317
Prashanth Nagar,3 BHK,1800,15000000,Urban,3,8333.333333
Suragajakkanahalli,3 Bedroom,11,7400000,Urban,3,672727.2727
Ardendale,2 BHK,1100,4325000,Urban,2,3931.818182
Harlur,2 BHK,1508,7700000,Urban,2,5106.100796
Sampigehalli,3 BHK,1592,7500000,Urban,3,4711.055276
Akshaya Nagar,2 BHK,1388,5700000,Urban,2,4106.628242
Electronic City Phase II,1 BHK,630,2835000,Urban,1,4500
RMV,3 Bedroom,2000,36500000,Urban,3,18250
Banashankari3rd stage bigbazar,3 BHK,1762,12500000,Urban,3,7094.211124
Bagalur Main Road,2 BHK,950,5000000,Urban,2,5263.157895
Kodihalli,4 BHK,3252,33500000,Urban,4,10301.35301
Magadi Road,2 BHK,1116,5000000,Urban,2,4480.286738
Narayanapura,2 BHK,1308,8904000,Urban,2,6807.33945
MS Pallya,3 BHK,1200,9000000,Urban,3,7500
Binny Mills Employees Colony,4 Bedroom,1500,23000000,Urban,4,15333.33333
Bannerghatta Road,1 BHK,500,1850000,Urban,1,3700
Hennur,2 BHK,1075,5200000,Urban,2,4837.209302
Chandapura,1 BHK,530,1166000,Urban,1,2200
Bellandur,2 BHK,1205,6600000,Urban,2,5477.178423
5th Phase JP Nagar,2 BHK,1075,6000000,Urban,2,5581.395349
KR Puram,2 BHK,930,3900000,Urban,2,4193.548387
Balagere,2 BHK,1380,6000000,Urban,2,4347.826087
Hebbal,4 BHK,2483,21200000,Urban,4,8538.0588
Kodigehaali,2 BHK,1166,5500000,Urban,2,4716.981132
Bannerghatta Road,2 BHK,1050,6500000,Urban,2,6190.47619
Gopalapura,3 BHK,2023.71,27500000,Urban,3,13588.90355
Begur Road,2 BHK,1200,4680000,Urban,2,3900
Lakshminarayana Pura,3 BHK,1600,10800000,Urban,3,6750
Billekahalli,3 BHK,1935,11000000,Urban,3,5684.754522
8th Phase JP Nagar,1 BHK,451,2990000,Urban,1,6629.711752
Electronic City,3 BHK,1800,9500000,Urban,3,5277.777778
Jalahalli,3 BHK,1400,7700000,Urban,3,5500
Hegde Nagar,3 BHK,1801,11500000,Urban,3,6385.341477
Mahadevpura,2 BHK,1451,9000000,Urban,2,6202.618884
Anekal,2 Bedroom,1200,3600000,Urban,2,3000
Begur Road,2 BHK,1160,4400000,Urban,2,3793.103448
Kengeri,2 BHK,1000,2500000,Urban,2,2500
Kanakpura Road,2 BHK,950,4000000,Urban,2,4210.526316
"Hoodi Circle, ",3 BHK,1629,7900000,Urban,3,4849.600982
Vijayanagar,3 BHK,1580,13400000,Urban,3,8481.012658
Vijayanagar,3 BHK,1826,12100000,Urban,3,6626.506024
7th Phase JP Nagar,2 BHK,1245,9400000,Urban,2,7550.200803
Raja Rajeshwari Nagar,2 BHK,1145,4579000,Urban,2,3999.126638
Sompura,2 BHK,825,3300000,Urban,2,4000
Yeshwanthpur,3 BHK,1693,10800000,Urban,3,6379.208506
Electronics City Phase 1,2 BHK,1113.27,5300000,Urban,2,4760.749863
Ashirvad Colony,2 BHK,1460,5800000,Urban,2,3972.60274
Doddathoguru,2 BHK,1050,3200000,Urban,2,3047.619048
Dodda Nekkundi,2 BHK,1260,5500000,Urban,2,4365.079365
K N Extension,6 BHK,700,12000000,Urban,6,17142.85714
Hosur Road,2 BHK,1656,12000000,Urban,2,7246.376812
Chandapura,3 BHK,1208,4500000,Urban,3,3725.165563
Whitefield,3 BHK,1910,16100000,Urban,3,8429.319372
Whitefield,4 BHK,3252,23000000,Urban,4,7072.570726
Battarahalli,2 Bedroom,1200,6500000,Urban,2,5416.666667
Gokula Extension,4 BHK,1200,17500000,Urban,4,14583.33333
7th Phase JP Nagar,2 BHK,1175,8200000,Urban,2,6978.723404
Kamakshipalya,2 Bedroom,1000,16500000,Urban,2,16500
Bannerghatta Road,4 Bedroom,1200,12500000,Urban,4,10416.66667
Rajaji Nagar,3 BHK,2390,41000000,Urban,3,17154.81172
Rajaji Nagar,7 BHK,12000,220000000,Urban,7,18333.33333
Sultan Palaya,2 Bedroom,550,6200000,Urban,2,11272.72727
Sanne Amanikere,2 BHK,1185,3800000,Urban,2,3206.751055
Kengeri,2 BHK,750,3800000,Urban,2,5066.666667
Mahalakshmi Layout,6 Bedroom,1200,25000000,Urban,6,20833.33333
Kanakpura Road,3 BHK,1550,6450000,Urban,3,4161.290323
Amco Colony,3 BHK,1760,8800000,Urban,3,5000
Billekahalli,2 BHK,1125,6200000,Urban,2,5511.111111
Nagarbhavi,3 Bedroom,1350,15000000,Urban,3,11111.11111
Anandapura,2 Bedroom,1000,5500000,Urban,2,5500
Bommasandra Industrial Area,2 BHK,1090,3148000,Urban,2,2888.073394
TC Palaya,2 Bedroom,1200,6000000,Urban,2,5000
Budigere,3 BHK,1991,10300000,Urban,3,5173.279759
Bommasandra,2 BHK,1060,2650000,Urban,2,2500
Ambalipura,2 BHK,1105,7500000,Urban,2,6787.330317
Hoodi,2 BHK,985,6700000,Urban,2,6802.030457
Chandapura,6 Bedroom,1533,8500000,Urban,6,5544.683627
Balagere,3 BHK,1590,7900000,Urban,3,4968.553459
CV Raman Nagar,2 BHK,1120,5500000,Urban,2,4910.714286
Samethanahalli,2 BHK,1069,5500000,Urban,2,5144.995323
Marathahalli,3 BHK,1933,14000000,Urban,3,7242.628039
Hosur Road,2 BHK,1194,6900000,Urban,2,5778.894472
Brookefield,2 BHK,1150,6900000,Urban,2,6000
Yelenahalli,2 BHK,1240,4712000,Urban,2,3800
Raja Rajeshwari Nagar,2 BHK,1419,4810000,Urban,2,3389.711064
7th Phase JP Nagar,8 Bedroom,1200,25000000,Urban,8,20833.33333
Richmond Town,3 BHK,2150,24000000,Urban,3,11162.7907
Suddaguntepalya,3 BHK,1450,5500000,Urban,3,3793.103448
Udayapur Village,3 BHK,1630,6829000,Urban,3,4189.570552
Dasanapura,2 BHK,708,4000000,Urban,2,5649.717514
Kasavanhalli,3 Bedroom,1000,11000000,Urban,3,11000
Whitefield,4 Bedroom,11890,70000000,Urban,4,5887.300252
Bellandur,2 BHK,1250,7600000,Urban,2,6080
7th Phase JP Nagar,3 BHK,1400,9500000,Urban,3,6785.714286
Sarjapur  Road,3 BHK,1670,5700000,Urban,3,3413.173653
Ardendale,3 BHK,1750,10000000,Urban,3,5714.285714
Vittasandra,2 BHK,1404,7100000,Urban,2,5056.980057
Hoodi,3 BHK,1715,9500000,Urban,3,5539.358601
Electronic City,1 BHK,630,3465000,Urban,1,5500
Harlur,3 BHK,1752.12,13500000,Urban,3,7704.951716
Hulimavu,3 BHK,1650,7800000,Urban,3,4727.272727
Raja Rajeshwari Nagar,2 BHK,1295,5547000,Urban,2,4283.397683
Giri Nagar,3 Bedroom,1800,25200000,Urban,3,14000
Sarjapur  Road,2 BHK,1346,7403000,Urban,2,5500
Thippasandra,4 Bedroom,1200,20000000,Urban,4,16666.66667
Hormavu,2 BHK,1150,5500000,Urban,2,4782.608696
Chikkabidarakallu,4 Bedroom,3309,32500000,Urban,4,9821.698398
Chandapura,3 BHK,1190,3035000,Urban,3,2550.420168
AECS Layout,3 BHK,1620,9800000,Urban,3,6049.382716
Marathahalli,2 BHK,950,4696000,Urban,2,4943.157895
1 Giri Nagar,11 BHK,5000,36000000,Urban,11,7200
Harlur,3 BHK,2450,12000000,Urban,3,4897.959184
Electronic City Phase II,3 BHK,1220,3523000,Urban,3,2887.704918
Hoysalanagar,2 BHK,850,3000000,Urban,2,3529.411765
Padmanabhanagar,2 BHK,1020,6300000,Urban,2,6176.470588
Chikkalasandra,2 BHK,1100,5000000,Urban,2,4545.454545
Defence Colony,2 BHK,1150,12600000,Urban,2,10956.52174
Hebbal,3 BHK,1760,13000000,Urban,3,7386.363636
Ambalipura,3 BHK,1800,11000000,Urban,3,6111.111111
Akshaya Nagar,2 BHK,1070,5400000,Urban,2,5046.728972
2nd Stage Nagarbhavi,4 Bedroom,1500,22000000,Urban,4,14666.66667
Vidyaranyapura,2 Bedroom,1440,9500000,Urban,2,6597.222222
Amruthahalli,2 BHK,900,4000000,Urban,2,4444.444444
ITI Employees Layout,4 BHK,1200,23000000,Urban,4,19166.66667
Whitefield,2 BHK,1130,4216000,Urban,2,3730.973451
Koramangala,2 BHK,1320,16500000,Urban,2,12500
Kodigehalli,2 BHK,1270,9800000,Urban,2,7716.535433
Patelappa Layout,2 BHK,1200,6200000,Urban,2,5166.666667
Ring Road Nagarbhavi,4 BHK,4800,23500000,Urban,4,4895.833333
NS Palya,2 BHK,1200,7400000,Urban,2,6166.666667
Subramanyapura,2 BHK,929,5017000,Urban,2,5400.430571
RMV 2nd Stage,4 BHK,1150,26000000,Urban,4,22608.69565
Basavangudi,4 Bedroom,1125,18000000,Urban,4,16000
Kenchenahalli,5 Bedroom,500,6500000,Urban,5,13000
3rd Block Hrbr Layout,5 Bedroom,1200,19000000,Urban,5,15833.33333
KUDLU MAIN ROAD,3 BHK,1464,5600000,Urban,3,3825.136612
7th Phase JP Nagar,4 BHK,3600,40000000,Urban,4,11111.11111
Bank Avenue,4 Bedroom,2000,9900000,Urban,4,4950
Chikkalasandra,2 BHK,1208,4900000,Urban,2,4056.291391
Hebbal Kempapura,2 BHK,1130,6000000,Urban,2,5309.734513
Surabhi Layout,3 BHK,1753,12000000,Urban,3,6845.407872
Old Madras Road,5 BHK,4500,33700000,Urban,5,7488.888889
Banjara Layout,3 Bedroom,600,5800000,Urban,3,9666.666667
Hoodi,2 BHK,1196,9442000,Urban,2,7894.648829
5th Phase JP Nagar,2 BHK,1150,5250000,Urban,2,4565.217391
Electronic City,2 BHK,1128,6300000,Urban,2,5585.106383
Omkar Nagar,2 BHK,1000,5300000,Urban,2,5300
Yelahanka,2 BHK,1035,4500000,Urban,2,4347.826087
Kereguddadahalli,2 BHK,950,3200000,Urban,2,3368.421053
Bisuvanahalli,3 BHK,1075,3600000,Urban,3,3348.837209
Whitefield,2 BHK,1040,4850000,Urban,2,4663.461538
Maragondanahalli,2 Bedroom,720,4500000,Urban,2,6250
Lingadheeranahalli,3 BHK,1511,9500000,Urban,3,6287.227002
Silk Board,3 BHK,1300,5800000,Urban,3,4461.538462
Hoodi,3 BHK,1545,6875000,Urban,3,4449.838188
Shampura,1 BHK,375,2600000,Urban,1,6933.333333
Vidyaranyapura,2 BHK,1062,3800000,Urban,2,3578.154426
Kada Agrahara,2 BHK,1115,4000000,Urban,2,3587.443946
JP Nagar,2 BHK,1000,3500000,Urban,2,3500
Kambipura,2 BHK,883,4500000,Urban,2,5096.262741
Sarjapur  Road,2 BHK,1195,7000000,Urban,2,5857.740586
BHEL Layout,4 Bedroom,1200,16500000,Urban,4,13750
Medahalli,1 Bedroom,700,4100000,Urban,1,5857.142857
Vittasandra,2 BHK,1246,6700000,Urban,2,5377.207063
8th Phase JP Nagar,4 Bedroom,660,9000000,Urban,4,13636.36364
Banashankari Stage III,4 Bedroom,8500,14500000,Urban,4,1705.882353
Kashi Nagar,4 BHK,1600,8000000,Urban,4,5000
Haralur Road,4 BHK,2805,15400000,Urban,4,5490.196078
Begur Road,3 BHK,1584,6500000,Urban,3,4103.535354
Sector 7 HSR Layout,4 Bedroom,3000,27500000,Urban,4,9166.666667
Hosur Road,3 BHK,1175,4800000,Urban,3,4085.106383
"Yemlur, Old Airport Road, ",3 BHK,1595,11500000,Urban,3,7210.031348
VHBCS Layout,2 BHK,1353,11000000,Urban,2,8130.081301
Electronic City,3 BHK,1599,12500000,Urban,3,7817.385866
Whitefield,2 BHK,1150,7000000,Urban,2,6086.956522
Jakkur,4 BHK,5230,46500000,Urban,4,8891.013384
KR Puram,2 BHK,1155,4274000,Urban,2,3700.4329
Ittamadu,1 BHK,1200,8500000,Urban,1,7083.333333
Electronic City Phase II,2 BHK,1000,2500000,Urban,2,2500
Thanisandra,4 BHK,3000,12000000,Urban,4,4000
Rajiv Nagar,3 BHK,1867,16000000,Urban,3,8569.898232
Ramagondanahalli,2 BHK,1251,4700000,Urban,2,3756.994404
Gattahalli,2 BHK,1028,4550000,Urban,2,4426.070039
Arekere,2 BHK,1222,4500000,Urban,2,3682.487725
Bannerghatta Road,3 BHK,1170,6600000,Urban,3,5641.025641
Hebbal,3 BHK,2400,24500000,Urban,3,10208.33333
Ramanjaneyanagar,3 BHK,1385,4848000,Urban,3,3500.361011
HSR Layout,2 BHK,1372,6800000,Urban,2,4956.268222
Magadi Road,3 BHK,1282,4900000,Urban,3,3822.152886
Mico Layout,9 BHK,5000,21000000,Urban,9,4200
7th Block Jayanagar,5 Bedroom,3000,52800000,Urban,5,17600
Kanakpura Road,2 BHK,1135,3973000,Urban,2,3500.440529
Whitefield,3 BHK,1768,10100000,Urban,3,5712.669683
Byatarayanapura,3 BHK,1325,9000000,Urban,3,6792.45283
Electronic City,3 BHK,1599,9900000,Urban,3,6191.369606
Whitefield,3 Bedroom,1500,6195000,Urban,3,4130
2nd Phase JP Nagar,3 Bedroom,2610,49900000,Urban,3,19118.77395
Uttarahalli,2 BHK,1286,6300000,Urban,2,4898.911353
Kammanahalli,5 BHK,2845,14000000,Urban,5,4920.913884
K G Colony,3 BHK,1600,5000000,Urban,3,3125
Hennur Road,2 BHK,1317.5,6377000,Urban,2,4840.227704
Hebbal,3 BHK,3450,26000000,Urban,3,7536.231884
Munnekollal,2 BHK,1102,5367000,Urban,2,4870.235935
Yelahanka,2 BHK,1350,5400000,Urban,2,4000
Banashankari,3 BHK,1200,4200000,Urban,3,3500
Hosa Road,6 Bedroom,1300,14500000,Urban,6,11153.84615
Herohalli,2 Bedroom,1800,8000000,Urban,2,4444.444444
Chikkabanavar,2 BHK,950,4000000,Urban,2,4210.526316
Kanakpura Road,1 BHK,525,2725000,Urban,1,5190.47619
Attibele,2 BHK,656,2500000,Urban,2,3810.97561
Marathahalli,4 Bedroom,1780,17500000,Urban,4,9831.460674
3rd Block Hrbr Layout,2 BHK,1056,8000000,Urban,2,7575.757576
Bannerghatta Road,1 BHK,595,3332000,Urban,1,5600
Ittamadu,2 BHK,1080,5000000,Urban,2,4629.62963
7th Phase JP Nagar,3 BHK,2225,16000000,Urban,3,7191.011236
Bommasandra,2 BHK,1126,2815000,Urban,2,2500
Electronics City Phase 1,3 BHK,1490,8400000,Urban,3,5637.583893
HRBR Layout,4 Bedroom,2000,30000000,Urban,4,15000
Sarjapur  Road,3 BHK,1550,10000000,Urban,3,6451.612903
Ashwini layout,2 BHK,1160,5500000,Urban,2,4741.37931
Whitefield,4 Bedroom,4144,31500000,Rural,4,7601.351351
Sarjapur  Road,3 BHK,2100,12500000,Urban,3,5952.380952
Vittasandra,2 BHK,1404,6930000,Rural,2,4935.897436
Sarjapur  Road,4 Bedroom,2230,22500000,Urban,4,10089.6861
Marathalli bridge,3 BHK,1544,12000000,Urban,3,7772.020725
Banashankari Stage III,3 BHK,1305,5870000,Rural,3,4498.084291
Marathahalli,2 BHK,1230,8000000,Urban,2,6504.065041
T.C PALYA,2 Bedroom,1200,6500000,Rural,2,5416.666667
Harlur,3 BHK,1460,7300000,Rural,3,5000
Gottigere,2 BHK,967,4500000,Rural,2,4653.567735
Byatarayanapura,1 Bedroom,540,3600000,Urban,1,6666.666667
Hormavu,1 BHK,715,4600000,Rural,1,6433.566434
Whitefield,3 BHK,2500,31300000,Rural,3,12520
Dooravani Nagar,3 BHK,1578,18000000,Urban,3,11406.84411
Mysore Road,2 BHK,1020,4895000,Urban,2,4799.019608
Jigani,2 BHK,1020,4000000,Rural,2,3921.568627
Koramangala,2 BHK,1253,10200000,Rural,2,8140.462889
JCR Layout,2 BHK,1180,4200000,Urban,2,3559.322034
Nehru Nagar,2 BHK,961,3800000,Urban,2,3954.21436
Kanakapura,3 BHK,1419,7500000,Urban,3,5285.412262
Harlur,3 BHK,1709,15000000,Rural,3,8777.06261
Papareddipalya,2 Bedroom,1600,11500000,Rural,2,7187.5
Venkatapura,1 BHK,416,1850000,Urban,1,4447.115385
Sanjay nagar,2 BHK,1100,9800000,Urban,2,8909.090909
HSR Layout,3 BHK,1430,6500000,Urban,3,4545.454545
Sneha Colony,2 BHK,1260,4500000,Urban,2,3571.428571
RMV Extension,3 BHK,1630,8500000,Urban,3,5214.723926
Sarjapur  Road,3 BHK,1249,4471000,Urban,3,3579.663731
Kalena Agrahara,3 BHK,1450,8500000,Urban,3,5862.068966
Konanakunte,3 BHK,2791,22300000,Rural,3,7989.967753
Hosapalya,1 BHK,600,9000000,Rural,1,15000
Ashwini layout,1 BHK,834,6000000,Urban,1,7194.244604
Doddagubbi,3 Bedroom,1125,7000000,Rural,3,6222.222222
Arekere,3 BHK,2060,14000000,Rural,3,6796.116505
Malleshwaram,7 BHK,12000,220000000,Rural,7,18333.33333
Gottigere,2 BHK,891,2500000,Rural,2,2805.836139
Raja Rajeshwari Nagar,2 BHK,1133,4907000,Urban,2,4330.9797
Bisuvanahalli,3 BHK,1075,3700000,Urban,3,3441.860465
Sector 6 HSR Layout,4 BHK,3000,26000000,Urban,4,8666.666667
Brookefield,4 Bedroom,2440,42500000,Rural,4,17418.03279
Vidyaranyapura,2 BHK,1200,5500000,Urban,2,4583.333333
Thanisandra,2 BHK,1075,4580000,Rural,2,4260.465116
Kaggadasapura,2 BHK,1140,4000000,Urban,2,3508.77193
Margondanahalli,5 Bedroom,940,15000000,Urban,5,15957.44681
ITI Layout,6 Bedroom,2160,25000000,Urban,6,11574.07407
Raja Rajeshwari Nagar,2 BHK,1090,4200000,Urban,2,3853.211009
R.T. Nagar,4 Bedroom,1500,7000000,Urban,4,4666.666667
Whitefield,4 BHK,4104,36000000,Rural,4,8771.929825
Whitefield,3 BHK,1790,10000000,Rural,3,5586.592179
Hebbal,3 BHK,1920,13400000,Rural,3,6979.166667
HRBR Layout,2 BHK,1374,9500000,Urban,2,6914.11936
Bannerghatta Road,3 BHK,1445,9500000,Urban,3,6574.394464
Kanakapura,1 BHK,711,3600000,Urban,1,5063.291139
Tumkur Road,3 BHK,1500,9500000,Urban,3,6333.333333
Whitefield,3 BHK,1720,10000000,Rural,3,5813.953488
Vasanthapura,3 BHK,1400,6000000,Urban,3,4285.714286
Kundalahalli,2 BHK,1030,4900000,Urban,2,4757.281553
Mysore Road,2 BHK,1200,8500000,Urban,2,7083.333333
Hosahalli,3 BHK,1375,7000000,Urban,3,5090.909091
Hegde Nagar,2 Bedroom,1050,5600000,Urban,2,5333.333333
Jalahalli,3 BHK,2250,16000000,Urban,3,7111.111111
Bellandur,2 BHK,1000,5000000,Rural,2,5000
Jalahalli West,1 BHK,469,2500000,Urban,1,5330.490405
Marathahalli,4 BHK,3800,25000000,Urban,4,6578.947368
Kambipura,2 BHK,883,2900000,Urban,2,3284.258211
GM Palaya,3 BHK,1820,8600000,Rural,3,4725.274725
Singasandra,3 BHK,1440,6500000,Rural,3,4513.888889
near Ramanashree California resort,6 BHK,3600,16000000,Rural,6,4444.444444
Malleshwaram,4 BHK,2500,32500000,Rural,4,13000
Mahadevpura,2 BHK,1225,4800000,Urban,2,3918.367347
"6th block banashankari 3rd stage, 100 feet ORR",3 Bedroom,4000,66000000,Rural,3,16500
Chikkalasandra,2 BHK,875,5280000,Rural,2,6034.285714
Jalahalli East,1 BHK,750,4000000,Urban,1,5333.333333
6th Phase JP Nagar,2 BHK,1180,8000000,Urban,2,6779.661017
Haralur Road,2 BHK,1194,4700000,Urban,2,3936.348409
Hennur Road,3 BHK,1500,6200000,Urban,3,4133.333333
Poornapragna Housing Society Layout,2 BHK,1160,5220000,Urban,2,4500
Hosakerehalli,3 BHK,2378,26200000,Urban,3,11017.6619
Sarjapur,2 BHK,1128,6000000,Rural,2,5319.148936
Hebbal,3 BHK,1500,15000000,Rural,3,10000
Huskur,3 BHK,1220,3523000,Rural,3,2887.704918
Sarjapur  Road,2 BHK,1210,5800000,Urban,2,4793.38843
Kanakpura Road,3 BHK,1100,5800000,Urban,3,5272.727273
Bommasandra,3 BHK,1200,4600000,Rural,3,3833.333333
Haralur Road,4 BHK,3385,26000000,Urban,4,7680.945347
Nagondanahalli,3 BHK,1641,6600000,Urban,3,4021.937843
Horamavu Agara,2 BHK,1200,4500000,Rural,2,3750
Raja Rajeshwari Nagar,2 BHK,1260,6739000,Urban,2,5348.412698
Mahadevpura,3 BHK,1720,7800000,Urban,3,4534.883721
Yelahanka,2 BHK,1132.5,4813000,Rural,2,4249.889625
Yelahanka,2 BHK,1210,4598000,Rural,2,3800
Indira Nagar,4 Bedroom,2200,20000000,Urban,4,9090.909091
Bisuvanahalli,3 BHK,1075,4500000,Urban,3,4186.046512
Thanisandra,3 BHK,1702,13000000,Rural,3,7638.072855
Shanthala Nagar,2 BHK,1630,20000000,Urban,2,12269.93865
Raja Rajeshwari Nagar,2 BHK,1141,3855000,Urban,2,3378.61525
Shantiniketan Layout,3 BHK,2072,10800000,Urban,3,5212.355212
JP Nagar,5 BHK,5520,37500000,Urban,5,6793.478261
Herohalli,3 Bedroom,1200,7000000,Urban,3,5833.333333
Teachers Colony,3 BHK,1350,7700000,Urban,3,5703.703704
Bettahalsoor,4 Bedroom,4046,44500000,Rural,4,10998.51705
Srinivasa Nagar,3 BHK,1180,7834000,Urban,3,6638.983051
Yelahanka,3 BHK,35000,13000000,Rural,3,371.4285714
Langford Town,2 BHK,1355,11500000,Urban,2,8487.084871
Sulthangunta,1 Bedroom,600,5000000,Rural,1,8333.333333
Hormavu,7 Bedroom,1200,15000000,Rural,7,12500
Bannerghatta Road,3 BHK,1640,12000000,Urban,3,7317.073171
Byrathi Village,5 Bedroom,1200,10000000,Rural,5,8333.333333
Kodichikkanahalli,3 BHK,1190,5700000,Urban,3,4789.915966
OMBR Layout,4 Bedroom,2400,37500000,Urban,4,15625
Marathahalli,2 BHK,1019,4985000,Urban,2,4892.05103
Ambedkar Colony,3 BHK,1875,16500000,Urban,3,8800
Akshaya Nagar,3 BHK,1250,4000000,Urban,3,3200
Brookefield,3 Bedroom,1200,14000000,Rural,3,11666.66667
Whitefield,2 BHK,1140,5600000,Rural,2,4912.280702
Lingadheeranahalli,3 BHK,1683,10900000,Urban,3,6476.530006
Kaggadasapura,3 BHK,1515,8330000,Urban,3,5498.349835
Hoodi,4 BHK,2118,11100000,Rural,4,5240.793201
Bannerghatta Road,4 Bedroom,1380,5800000,Urban,4,4202.898551
Varthur Road,2 BHK,1083,6175000,Urban,2,5701.754386
Anjappa Layout,2 Bedroom,600,5500000,Urban,2,9166.666667
Avalahalli,3 BHK,2300,12000000,Urban,3,5217.391304
Prakruthi Nagar,2 BHK,1240,6000000,Urban,2,4838.709677
Surabhi Layout,3 BHK,1750,12000000,Urban,3,6857.142857
Sadaramangala,2 BHK,1230,4348000,Rural,2,3534.95935
Anjanapura,3 Bedroom,1500,13900000,Urban,3,9266.666667
Abbigere,2 BHK,985,4039000,Rural,2,4100.507614
Tindlu,3 Bedroom,1500,8700000,Rural,3,5800
Electronic City,2 BHK,1125,3249000,Rural,2,2888
Maruthi Sevanagar,2 BHK,950,4400000,Urban,2,4631.578947
JP Nagar,5 BHK,5600,54850000,Urban,5,9794.642857
Kothanur,3 BHK,1580,7600000,Rural,3,4810.126582
B Narayanapura,3 Bedroom,1092,9850000,Urban,3,9020.14652
Electronic City Phase II,2 BHK,1090,2834000,Urban,2,2600
Hennur Road,3 Bedroom,2264,15900000,Urban,3,7022.968198
Dommasandra,3 BHK,1033,2553000,Rural,3,2471.442401
Kammasandra,2 BHK,810,2450000,Rural,2,3024.691358
Green Garden Layout,2 BHK,1045,4500000,Urban,2,4306.220096
Hebbal,2 BHK,1337,8200000,Rural,2,6133.133882
Chandapura,2 BHK,1200,3200000,Urban,2,2666.666667
Koramangala,3 BHK,1580,16000000,Rural,3,10126.58228
Begur Road,3 BHK,1500,5400000,Urban,3,3600
Whitefield,3 BHK,1640,9100000,Rural,3,5548.780488
Silver Springs Layout,3 BHK,1570,6200000,Urban,3,3949.044586
Gubbalala,3 BHK,1470,8200000,Rural,3,5578.231293
Kengeri,2 BHK,1160,4061000,Rural,2,3500.862069
7th Phase JP Nagar,2 BHK,1050,7100000,Urban,2,6761.904762
Dairy Circle,3 BHK,1855,22500000,Rural,3,12129.38005
Bannerghatta Road,3 BHK,1460,9000000,Urban,3,6164.383562
Hulimavu,3 BHK,1823,10000000,Rural,3,5485.463522
Electronic City,2 BHK,1094,4200000,Rural,2,3839.122486
Budigere,2 BHK,1153,5700000,Rural,2,4943.625325
Hoysalanagar,3 BHK,1325,5700000,Urban,3,4301.886792
Parappana Agrahara,4 Bedroom,1200,8500000,Urban,4,7083.333333
Jakkur,3 BHK,1590,12500000,Rural,3,7861.63522
Jeevan bima nagar,5 Bedroom,1210,16000000,Urban,5,13223.1405
Raja Rajeshwari Nagar,4 Bedroom,1200,22000000,Urban,4,18333.33333
Narayana Nagar 1st Block,2 BHK,1202,4800000,Urban,2,3993.344426
Haralur Road,2 BHK,1202,5300000,Urban,2,4409.317804
KSRTC Layout,2 BHK,1200,6250000,Urban,2,5208.333333
Panathur,3 BHK,1688,11800000,Rural,3,6990.521327
Kaval Byrasandra,2 BHK,1020,5200000,Rural,2,5098.039216
Sarjapur,2 BHK,1185,4700000,Rural,2,3966.244726
Ramagondanahalli,2 BHK,1235,5204000,Urban,2,4213.765182
Hosakerehalli,4 BHK,3205,50000000,Urban,4,15600.62402
Banashankari,2 BHK,1077,3764000,Rural,2,3494.893222
Kengeri Satellite Town,3 BHK,1415,6600000,Urban,3,4664.310954
EPIP Zone,3 BHK,2330,16200000,Rural,3,6952.7897
Whitefield,2 BHK,805,3500000,Rural,2,4347.826087
P&T Colony,1 BHK,425,2003000,Urban,1,4712.941176
Whitefield,2 BHK,1155,5995000,Rural,2,5190.47619
Cunningham Road,4 BHK,5270,125000000,Urban,4,23719.16509
Anekal,2 BHK,656,2200000,Rural,2,3353.658537
New Gurappana Palya,2 BHK,1100,4800000,Rural,2,4363.636364
Mahadevpura,2 BHK,1150,5200000,Urban,2,4521.73913
Chelekare,1 Bedroom,600,6000000,Rural,1,10000
Ambedkar Colony,2 BHK,1468,14000000,Urban,2,9536.784741
Palanahalli,4 Bedroom,4300,55000000,Urban,4,12790.69767
Whitefield,3 BHK,2280,12600000,Rural,3,5526.315789
Hegde Nagar,2 BHK,1341,9700000,Urban,2,7233.407905
Jakkur,2 BHK,1279,7700000,Rural,2,6020.328382
Electronic City Phase II,4 BHK,2225,9888000,Urban,4,4444.044944
Thanisandra,2 BHK,1185,4351000,Rural,2,3671.729958
Vadarpalya,3 BHK,1750,8500000,Rural,3,4857.142857
Kudlu,2 BHK,1152,5350000,Rural,2,4644.097222
Shivanagar,5 Bedroom,1000,16000000,Urban,5,16000
Hulimavu,2 BHK,1300,3600000,Rural,2,2769.230769
Varthur Road,4 Bedroom,2760,15500000,Urban,4,5615.942029
5th Phase JP Nagar,2 BHK,1070,3900000,Urban,2,3644.859813
Uttarahalli,2 BHK,1101,4500000,Urban,2,4087.19346
V.V Puram,2 BHK,775,5500000,Urban,2,7096.774194
Yeshwanthpur,1 BHK,667,3685000,Rural,1,5524.737631
Electronic City,2 BHK,1070,5500000,Rural,2,5140.186916
Old Airport Road,3 BHK,1875,11000000,Urban,3,5866.666667
Kundalahalli,2 BHK,735,5799000,Urban,2,7889.795918
Sarjapur,5 Bedroom,4360,9000000,Rural,5,2064.220183
Koramangala,3 BHK,1750,13000000,Rural,3,7428.571429
Marathahalli,2 BHK,1215,6700000,Urban,2,5514.403292
Sector 3 HSR Layout,9 Bedroom,600,19000000,Urban,9,31666.66667
Vishwapriya Layout,2 BHK,820,3000000,Urban,2,3658.536585
Banashankari Stage VI,2 BHK,1177.5,5993500,Rural,2,5090.021231
Battarahalli,3 BHK,1779,8961000,Urban,3,5037.099494
HMT Layout,2 BHK,1105,5800000,Urban,2,5248.868778
Whitefield,3 BHK,1650,6000000,Rural,3,3636.363636
Jalahalli,2 BHK,1694,15000000,Urban,2,8854.781582
Hosakerehalli,3 BHK,2376,20300000,Urban,3,8543.771044
Cox Town,3 BHK,1975,15000000,Urban,3,7594.936709
Kammasandra,2 BHK,674,3300000,Rural,2,4896.142433
Kaggadasapura,2 BHK,1185,4100000,Urban,2,3459.915612
 Thanisandra,1 RK,445,2800000,Rural,1,6292.134831
Mylasandra,6 Bedroom,900,7600000,Rural,6,8444.444444
HSR Layout,3 BHK,1475,7500000,Urban,3,5084.745763
Gottigere,3 BHK,1618,8250000,Rural,3,5098.887515
Koramangala,2 BHK,1120,6500000,Rural,2,5803.571429
Marathahalli,4 BHK,2181,15200000,Urban,4,6969.280147
Vidyaranyapura,4 Bedroom,1200,9000000,Urban,4,7500
Nagondanahalli,6 Bedroom,600,6500000,Urban,6,10833.33333
Bannerghatta Road,3 BHK,1556,5913000,Urban,3,3800.128535
Bannerghatta Road,2 BHK,1179,6602000,Urban,2,5599.660729
Thanisandra,2 BHK,1296,8300000,Rural,2,6404.320988
Kaggadasapura,2 BHK,1275,5200000,Urban,2,4078.431373
Kalasipalya,7 Bedroom,1875,30000000,Rural,7,16000
Kathriguppe,3 BHK,1400,7700000,Rural,3,5500
Gottigere,2 BHK,1222,6300000,Rural,2,5155.482815
Electronic City,2 BHK,940,4100000,Rural,2,4361.702128
Thanisandra,2 BHK,1185,4260000,Rural,2,3594.936709
Tumkur Road,3 BHK,1779,11200000,Urban,3,6295.671726
Begur Road,3 BHK,1615,5976000,Urban,3,3700.309598
JP Nagar,4 BHK,4624.5,45300000,Urban,4,9795.653584
Haralur Road,2 BHK,1056,6100000,Urban,2,5776.515152
7th Phase JP Nagar,2 BHK,1100,4600000,Urban,2,4181.818182
Arekere,2 BHK,920,4000000,Rural,2,4347.826087
ITI Layout,3 BHK,1602,7500000,Urban,3,4681.64794
Padmanabhanagar,2 BHK,1176,6200000,Urban,2,5272.108844
HBR Layout,4 Bedroom,675,5900000,Urban,4,8740.740741
Richmond Town,3 BHK,1352,13500000,Urban,3,9985.207101
Kasavanhalli,3 BHK,1717,9900000,Urban,3,5765.870705
4 Bedroom Farm House in Bagalur,4 Bedroom,10961,8000000,Rural,4,729.8604142
Bhoganhalli,4 BHK,2119,11100000,Urban,4,5238.319962
Vittasandra,2 BHK,1246,6730000,Rural,2,5401.284109
Anandapura,2 BHK,1141,4279000,Urban,2,3750.219106
Hennur Road,2 BHK,1157,8400000,Urban,2,7260.155575
Chandapura,2 BHK,1025,2768000,Urban,2,2700.487805
Yelahanka New Town,1 BHK,650,3300000,Urban,1,5076.923077
Hebbal,2 BHK,1349,9800000,Rural,2,7264.640474
Narayanapura,3 BHK,1566,8330000,Urban,3,5319.284802
Sahakara Nagar,4 BHK,2830,19500000,Urban,4,6890.459364
Electronic City,3 BHK,1320,3813000,Rural,3,2888.636364
manyata park,3 BHK,1780,8483000,Rural,3,4765.730337
Varthur,2 BHK,1091,3490000,Rural,2,3198.900092
Rachenahalli,4 BHK,3670,30000000,Urban,4,8174.386921
7th Phase JP Nagar,2 BHK,918,5049000,Urban,2,5500
Yeshwanthpur,4 BHK,1950,13000000,Rural,4,6666.666667
Panathur,3 BHK,1695,9000000,Rural,3,5309.734513
Yelahanka,3 BHK,1705,9500000,Rural,3,5571.847507
Kalyan nagar,3 BHK,1375,7500000,Urban,3,5454.545455
Kanakpura Road,1 BHK,525,3000000,Urban,1,5714.285714
Whitefield,2 BHK,1447,8300000,Rural,2,5736.005529
Thanisandra,2 BHK,1114,3900000,Rural,2,3500.897666
7th Phase JP Nagar,3 BHK,1450,10000000,Urban,3,6896.551724
Belathur,2 BHK,460,1500000,Rural,2,3260.869565
Vasanthapura,2 BHK,1022,4000000,Urban,2,3913.894325
Hebbal,2 BHK,1000,4500000,Rural,2,4500
Electronic City,2 BHK,1128,6875000,Rural,2,6094.858156
Kanakpura Road,2 BHK,1180,5700000,Urban,2,4830.508475
TC Palaya,6 Bedroom,1000,6900000,Rural,6,6900
Nagarbhavi,2 Bedroom,1200,15000000,Urban,2,12500
Sadashiva Nagar,3 BHK,3761,66000000,Urban,3,17548.52433
Kanakpura Road,2 BHK,1339,7500000,Urban,2,5601.194922
Yelachenahalli,3 BHK,1400,5500000,Urban,3,3928.571429
7th Phase JP Nagar,2 BHK,1040,3952000,Urban,2,3800
Kadugodi,2 BHK,1198,5800000,Rural,2,4841.402337
Shirdi Sai Layout,4 Bedroom,1200,9500000,Urban,4,7916.666667
Sarjapur  Road,3 BHK,1691,11300000,Urban,3,6682.436428
Bisuvanahalli,3 BHK,1075,3600000,Urban,3,3348.837209
1st Block Jayanagar,3 BHK,1630,19400000,Urban,3,11901.84049
8th Phase JP Nagar,3 BHK,1240,4350000,Urban,3,3508.064516
Bannerghatta Road,2 BHK,1122.5,5893500,Urban,2,5250.334076
Mallasandra,3 BHK,1665,8658000,Rural,3,5200
Marathahalli,3 BHK,2489,9400000,Urban,3,3776.617115
Brookefield,2 BHK,1142,7000000,Rural,2,6129.597198
Kodbisanhalli,3 BHK,1976,18400000,Urban,3,9311.740891
Sathya Sai Layout,4 Bedroom,5500,60000000,Urban,4,10909.09091
Kothannur,3 BHK,1853,8200000,Rural,3,4425.256341
Vijayanagar,8 Bedroom,600,7200000,Urban,8,12000
Kasturi Nagar,2 BHK,1567,9200000,Urban,2,5871.091257
Talaghattapura,2 BHK,1090,2724000,Urban,2,2499.082569
Raja Rajeshwari Nagar,6 Bedroom,1200,12500000,Urban,6,10416.66667
Indiranagar HAL 2nd Stage,4 Bedroom,2400,64000000,Urban,4,26666.66667
Electronics City Phase 1,2 BHK,1175,5147000,Urban,2,4380.425532
Subramanyapura,2 BHK,1200,5200000,Urban,2,4333.333333
Kodichikkanahalli,2 BHK,995,4100000,Urban,2,4120.603015
Magadi Road,2 BHK,884,4110000,Urban,2,4649.321267
Vishwanatha Nagenahalli,5 Bedroom,900,8000000,Urban,5,8888.888889
Yeshwanthpur,2 BHK,1170,5700000,Rural,2,4871.794872
KR Puram,2 BHK,1225,4655000,Urban,2,3800
Electronic City,2 BHK,1342,7330000,Rural,2,5461.997019
Uttarahalli,2 BHK,1345,6700000,Urban,2,4981.412639
Kodigehaali,3 BHK,1320,6500000,Rural,3,4924.242424
Raja Rajeshwari Nagar,2 BHK,1140,4939000,Urban,2,4332.45614
Battarahalli,2 BHK,1300,5000000,Urban,2,3846.153846
Hosa Road,3 BHK,1652,8500000,Urban,3,5145.27845
Thigalarapalya,3 BHK,2072,14200000,Rural,3,6853.281853
Arekere,3 BHK,1740,9500000,Rural,3,5459.770115
Electronic City,3 BHK,1360,7100000,Rural,3,5220.588235
Hosur Road,3 BHK,1145,6000000,Urban,3,5240.174672
Uttarahalli,3 BHK,1540,4000000,Urban,3,2597.402597
Sarjapur  Road,2 BHK,1278,9500000,Urban,2,7433.489828
Electronic City Phase II,1 BHK,630,4000000,Urban,1,6349.206349
Kanakpura Road,3 BHK,1100,5800000,Urban,3,5272.727273
Bendiganahalli,3 Bedroom,1200,9500000,Urban,3,7916.666667
Hosakerehalli Layout,7 Bedroom,2500,11500000,Urban,7,4600
Chandapura,1 BHK,582.5,1513500,Urban,1,2598.283262
Chandapura,2 BHK,1015,2588000,Rural,2,2549.753695
Hosur Road,5 Bedroom,3300,24000000,Urban,5,7272.727273
Basaveshwara Nagar,5 Bedroom,4500,41500000,Urban,5,9222.222222
Gunjur,3 BHK,1356,6600000,Urban,3,4867.256637
Hennagara,2 BHK,823,2800000,Rural,2,3402.18712
TC Palaya,3 Bedroom,1200,6600000,Urban,3,5500
Ramamurthy Nagar,2 BHK,1050,3700000,Urban,2,3523.809524
Ferrar Nagar,2 BHK,1180,6900000,Urban,2,5847.457627
Whitefield,2 BHK,1116,5191000,Urban,2,4651.433692
7th Phase JP Nagar,2 BHK,1070,4279000,Urban,2,3999.065421
Varthur,2 BHK,1385,8000000,Urban,2,5776.173285
Varthur,1 Bedroom,1000,7000000,Urban,1,7000
Whitefield,3 BHK,1897,13000000,Urban,3,6852.925672
Magadi Road,2 BHK,1005,5578000,Urban,2,5550.248756
Green Glen Layout,3 BHK,1575,12500000,Urban,3,7936.507937
Subramanyapura,2 BHK,975,6500000,Urban,2,6666.666667
Hennur Road,3 BHK,1904,12000000,Urban,3,6302.521008
Kengeri Satellite Town,1 BHK,930,3000000,Urban,1,3225.806452
Kanakpura Road,1 BHK,525,2600000,Urban,1,4952.380952
BAGUR,1 BHK,686,1700000,Rural,1,2478.134111
Electronic City Phase II,2 Bedroom,2400,15000000,Urban,2,6250
8th block Koramangala,2 Bedroom,1410,23300000,Urban,2,16524.8227
Sarjapur  Road,3 Bedroom,2238,14000000,Urban,3,6255.585344
Harlur,2 BHK,1174,6900000,Urban,2,5877.342419
Thubarahalli,4 Bedroom,3800,23900000,Urban,4,6289.473684
Whitefield,3 BHK,2225,12500000,Urban,3,5617.977528
M.G Road,2 BHK,1250,20000000,Urban,2,16000
Jigani,2 BHK,918,5200000,Rural,2,5664.488017
Mahadevpura,2 BHK,1250,5200000,Urban,2,4160
Sarjapur  Road,3 BHK,1800,11000000,Urban,3,6111.111111
Marathahalli,2 BHK,1170,5300000,Urban,2,4529.91453
Byatarayanapura,1 BHK,1300,20000000,Urban,1,15384.61538
Bannerghatta Road,2 BHK,793,4500000,Urban,2,5674.653216
Jakkur,3 BHK,1710,10700000,Urban,3,6257.309942
Kambipura,3 BHK,1082,5750000,Rural,3,5314.232902
Naganathapura,2 BHK,1001,3303000,Urban,2,3299.7003
Srinivasa Nagar,4 Bedroom,1500,18000000,Urban,4,12000
Yelahanka,3 BHK,1590,5400000,Urban,3,3396.226415
Basavanagara,3 BHK,2400,8000000,Urban,3,3333.333333
Horamavu Banaswadi,3 BHK,1554,5500000,Urban,3,3539.253539
Thanisandra,2 BHK,1142.5,4341500,Urban,2,3800
Bellandur,5 BHK,4239,42300000,Urban,5,9978.768577
Konanakunte,2 Bedroom,884,5800000,Urban,2,6561.085973
Hosa Road,2 BHK,1045,9889000,Urban,2,9463.157895
Marathahalli,2 BHK,1019,4986000,Urban,2,4893.032385
Ambedkar Nagar,3 BHK,1935,13000000,Urban,3,6718.346253
Uttarahalli,3 BHK,1135,3973000,Urban,3,3500.440529
Lakshminarayana Pura,3 BHK,1680,15000000,Urban,3,8928.571429
Hebbal,4 BHK,2470,24700000,Urban,4,10000
1st Phase JP Nagar,4 BHK,2825,25000000,Urban,4,8849.557522
Hosakerehalli,3 BHK,2480,33000000,Urban,3,13306.45161
5th Phase JP Nagar,9 Bedroom,1260,29000000,Urban,9,23015.87302
Ramamurthy Nagar,5 Bedroom,1800,18700000,Urban,5,10388.88889
Kasavanhalli,3 BHK,1799,9000000,Urban,3,5002.779322
Whitefield,4 Bedroom,4348.5,30400000,Urban,4,6990.916408
Attibele,1 BHK,400,1100000,Rural,1,2750
Kundalahalli,2 BHK,1047,8200000,Urban,2,7831.900669
Kaverappa Layout,2 BHK,1282,8700000,Urban,2,6786.271451
NGR Layout,2 BHK,1020,4590000,Urban,2,4500
Kammanahalli,4 Bedroom,1080,15500000,Urban,4,14351.85185
Whitefield,2 BHK,1495,7950000,Urban,2,5317.725753
Kasavanhalli,4 Bedroom,3260,24000000,Urban,4,7361.96319
Divya Unnathi Layout,3 BHK,1611,6444000,Urban,3,4000
Koramangala,4 BHK,3500,42500000,Urban,4,12142.85714
Vasantha Vallabha Nagar,3 Bedroom,1500,9500000,Urban,3,6333.333333
Sahakara Nagar,3 BHK,1500,9500000,Urban,3,6333.333333
Yelahanka,4 Bedroom,3206,27000000,Urban,4,8421.709295
Uttarahalli,3 BHK,1540,5000000,Urban,3,3246.753247
Hosa Road,3 BHK,1639,8000000,Urban,3,4881.025015
Marathahalli,4 Bedroom,700,7200000,Urban,4,10285.71429
Raja Rajeshwari Nagar,2 BHK,1303,5579000,Urban,2,4281.657713
Koramangala,2 BHK,1005,11000000,Urban,2,10945.27363
Kammasandra,1 BHK,657.5,1841000,Rural,1,2800
Chandapura,3 BHK,1305,3328000,Rural,3,2550.191571
Kothannur,3 Bedroom,600,9500000,Urban,3,15833.33333
sapthagiri Layout,2 BHK,1300,11500000,Urban,2,8846.153846
Brookefield,3 BHK,1440,6800000,Urban,3,4722.222222
Seegehalli,2 BHK,901,3514000,Urban,2,3900.110988
Rajaji Nagar,3 BHK,1725,20000000,Urban,3,11594.2029
Sarjapur,3 BHK,900,4200000,Urban,3,4666.666667
BEML Layout,2 BHK,1060,5500000,Urban,2,5188.679245
NGR Layout,2 BHK,1020,4845000,Urban,2,4750
Varthur,3 BHK,1535,6599000,Urban,3,4299.022801
Alur,1 BHK,530,2000000,Rural,1,3773.584906
Haralur Road,3 BHK,1464,5600000,Urban,3,3825.136612
Devarabisanahalli,2 BHK,1350,8000000,Urban,2,5925.925926
Sarjapur  Road,2 BHK,1115,5000000,Urban,2,4484.304933
Uttarahalli,2 BHK,1175,4700000,Urban,2,4000
Whitefield,2 BHK,1113,6200000,Urban,2,5570.530099
Uttarahalli,6 Bedroom,1200,22500000,Urban,6,18750
Ramamurthy Nagar,5 Bedroom,1640,24000000,Urban,5,14634.14634
Giri Nagar,2 BHK,650,4200000,Urban,2,6461.538462
Marathahalli,2 BHK,1325,7155000,Urban,2,5400
Electronics City Phase 1,2 BHK,950,3100000,Urban,2,3263.157895
Jakkur,3 BHK,1396,8651000,Urban,3,6196.991404
Rachenahalli,2 BHK,1050,5207000,Urban,2,4959.047619
Thanisandra,3 BHK,1825,10000000,Urban,3,5479.452055
7th Phase JP Nagar,2 BHK,1190,4998000,Urban,2,4200
Marathahalli,2 BHK,1220,5650000,Urban,2,4631.147541
NRI Layout,3 BHK,1565,7500000,Urban,3,4792.332268
Hennur Road,3 BHK,1891,10900000,Urban,3,5764.145955
Sidedahalli,2 BHK,900,2700000,Urban,2,3000
Hosa Road,2 BHK,1161,5515000,Urban,2,4750.215332
Sarjapur,1 BHK,649.5,1753500,Urban,1,2699.769053
Dwarka Nagar,8 Bedroom,2400,12500000,Urban,8,5208.333333
Rajaji Nagar,4 Bedroom,315,9000000,Urban,4,28571.42857
Yeshwanthpur,1 BHK,665,3685000,Urban,1,5541.353383
Mysore Road,2 BHK,1175,7350000,Urban,2,6255.319149
Hoodi,2 BHK,1425,8000000,Urban,2,5614.035088
Chikkabanavar,1 Bedroom,1200,2000000,Rural,1,1666.666667
ITPL,3 Bedroom,1200,5612000,Urban,3,4676.666667
Somasundara Palya,2 BHK,1255,6700000,Urban,2,5338.645418
Hegde Nagar,3 BHK,2112.95,14500000,Urban,3,6862.443503
Raja Rajeshwari Nagar,1 BHK,600,2200000,Urban,1,3666.666667
Haralur Road,3 BHK,1810,10000000,Urban,3,5524.861878
Indira Nagar,2 BHK,1200,9300000,Urban,2,7750
Harlur,2 BHK,1033,4900000,Rural,2,4743.465634
ITPL,3 BHK,1548,8950000,Urban,3,5781.653747
Horamavu Banaswadi,3 BHK,1611,6600000,Urban,3,4096.834264
Electronic City Phase II,3 BHK,1400,4043000,Urban,3,2887.857143
Vidyaranyapura,3 BHK,1485,6700000,Urban,3,4511.784512
Margondanahalli,2 Bedroom,2400,8200000,Urban,2,3416.666667
Pattandur Agrahara,2 BHK,1025,4450000,Urban,2,4341.463415
Thurahalli,4 Bedroom,600,6500000,Urban,4,10833.33333
Hallehalli,2 BHK,1225,5300000,Urban,2,4326.530612
5th Phase JP Nagar,2 BHK,1256,6280000,Urban,2,5000
Whitefield,4 BHK,2268,16300000,Urban,4,7186.948854
Kanakpura Road,3 BHK,1100,5300000,Urban,3,4818.181818
Vadarpalya,2 BHK,1141,6200000,Urban,2,5433.829974
Attibele,1 BHK,400,1200000,Rural,1,3000
Chandapura,2 Bedroom,1400,6000000,Urban,2,4285.714286
Kattigenahalli,7 BHK,4100,14000000,Urban,7,3414.634146
Weavers Colony,1 BHK,15,3000000,Urban,1,200000
Raghavendra Nagar,2 BHK,1175,4827000,Urban,2,4108.085106
Sahakara Nagar,2 BHK,1100,5600000,Urban,2,5090.909091
Kanakpura Road,3 BHK,1843,9584000,Urban,3,5200.217037
1st Phase JP Nagar,8 Bedroom,1200,24000000,Urban,8,20000
Horamavu Banaswadi,2 BHK,1460,8050000,Urban,2,5513.69863
Rachenahalli,3 BHK,1530,7450000,Urban,3,4869.281046
HSR Layout,2 BHK,1467,5500000,Urban,2,3749.147921
KR Layout,1 BHK,950,4000000,Urban,1,4210.526316
Vittasandra,2 BHK,1246,6450000,Rural,2,5176.565008
Kanakapura,1 BHK,711,3800000,Urban,1,5344.585091
Haralur Road,2 BHK,1194,4600000,Urban,2,3852.596315
Babusapalaya,3 BHK,1358,4340000,Rural,3,3195.876289
Nagasandra,6 Bedroom,1500,13000000,Rural,6,8666.666667
Hoodi,2 BHK,1420,7500000,Rural,2,5281.690141
Kathriguppe,3 BHK,1250,6875000,Rural,3,5500
Akshaya Nagar,2 BHK,1280,5800000,Urban,2,4531.25
Nagappa Reddy Layout,2 BHK,1209,5000000,Urban,2,4135.649297
Kempapura,5 Bedroom,4200,22500000,Urban,5,5357.142857
BTM 1st Stage,4 Bedroom,1215,20500000,Rural,4,16872.42798
Panathur,3 BHK,1315,5480000,Rural,3,4167.30038
Kariyammana Agrahara,3 BHK,1800,9000000,Urban,3,5000
Hessarghatta,5 Bedroom,1600,12500000,Rural,5,7812.5
TC Palaya,3 BHK,1600,6500000,Rural,3,4062.5
Binnamangala,6 Bedroom,3968,90000000,Rural,6,22681.45161
Suraksha Nagar,3 BHK,1563,5200000,Urban,3,3326.935381
Whitefield,3 BHK,1560,7200000,Urban,3,4615.384615
Brookefield,3 BHK,2169,11500000,Rural,3,5301.98248
Lakshmi Layout,9 Bedroom,900,17000000,Urban,9,18888.88889
Rachenahalli,2 BHK,1050,5550000,Urban,2,5285.714286
Iblur Village,3 BHK,3235,23500000,Rural,3,7264.296754
TC Palaya,3 Bedroom,1200,6600000,Rural,3,5500
HSR Layout,2 BHK,1140,4600000,Urban,2,4035.087719
7th Phase JP Nagar,3 Bedroom,1500,17000000,Urban,3,11333.33333
Horamavu Agara,3 BHK,1560,7500000,Urban,3,4807.692308
JP Nagar,2 BHK,1100,7000000,Urban,2,6363.636364
Kasavanhalli,3 BHK,1260,4032000,Urban,3,3200
Hebbal,2 BHK,1036,5000000,Urban,2,4826.254826
Akshaya Nagar,3 BHK,1662,8510000,Urban,3,5120.336943
Yelachenahalli,3 BHK,1464,10500000,Urban,3,7172.131148
Yelahanka,2 BHK,1234,8000000,Urban,2,6482.982172
Sarjapur  Road,3 BHK,1403,5500000,Urban,3,3920.171062
Kadugondanahalli,4 Bedroom,915,5490000,Urban,4,6000
2nd Stage Nagarbhavi,6 Bedroom,3000,45100000,Urban,6,15033.33333
Seegehalli,3 BHK,1150,4290000,Urban,3,3730.434783
Hebbal,4 BHK,3900,41000000,Urban,4,10512.82051
Yeshwanthpur,5 Bedroom,850,9000000,Rural,5,10588.23529
Kanakapura,2 BHK,929,4600000,Urban,2,4951.560818
2nd Stage Nagarbhavi,6 Bedroom,2400,45000000,Urban,6,18750
TC Palaya,3 Bedroom,1350,7500000,Rural,3,5555.555556
Vasanthapura,2 BHK,1135,3973000,Urban,2,3500.440529
Basava Nagar,2 BHK,1405,7000000,Urban,2,4982.206406
Whitefield,2 Bedroom,1200,4584000,Urban,2,3820
Haralur Road,4 BHK,2805,15400000,Urban,4,5490.196078
Yeshwanthpur,2 BHK,1161,6408000,Rural,2,5519.379845
Kanakpura Road,2 BHK,1290,7400000,Urban,2,5736.434109
Yeshwanthpur,3 BHK,2557,14100000,Rural,3,5514.27454
2nd Block Hrbr Layout,3 BHK,1480,9000000,Urban,3,6081.081081
BTM 1st Stage,9 Bedroom,3300,50000000,Rural,9,15151.51515
Old Madras Road,3 BHK,1350,5454000,Urban,3,4040
Kadugodi,3 BHK,1580,6500000,Rural,3,4113.924051
Banashankari,3 BHK,1470,8864000,Urban,3,6029.931973
Ananth Nagar,1 BHK,500,1400000,Urban,1,2800
Sarjapur  Road,2 BHK,1346,6192000,Urban,2,4600.297177
Canara Bank Layout,3 BHK,1600,9000000,Urban,3,5625
Naganathapura,2 BHK,720,12000000,Urban,2,16666.66667
Manjunath Nagar,4 Bedroom,1200,13500000,Urban,4,11250
Basapura,2 BHK,1200,3500000,Urban,2,2916.666667
Channasandra,3 BHK,1340,4833000,Rural,3,3606.716418
Devanahalli,4 Bedroom,6136,56000000,Urban,4,9126.466754
Jigani,2 BHK,918,4800000,Rural,2,5228.75817
Singena Agrahara,3 Bedroom,1500,11500000,Urban,3,7666.666667
Yelahanka,2 BHK,1315,8500000,Urban,2,6463.878327
Sector 1 HSR Layout,4 Bedroom,2400,77500000,Urban,4,32291.66667
Uttarahalli,3 BHK,1390,6255000,Urban,3,4500
Uttarahalli,3 BHK,1330,5600000,Urban,3,4210.526316
Jalahalli,5 BHK,3100,26500000,Urban,5,8548.387097
Mango Garden Layout,3 BHK,1824,12500000,Urban,3,6853.070175
7th Phase JP Nagar,3 BHK,1420,9600000,Urban,3,6760.56338
Kacharakanahalli,1 Bedroom,750,5625000,Urban,1,7500
Jalahalli East,3 BHK,1260,6000000,Urban,3,4761.904762
Hennur Road,3 BHK,1561,9500000,Urban,3,6085.842409
5th Phase JP Nagar,9 Bedroom,812,16500000,Urban,9,20320.19704
"Bidere Agarahara, Behind Safal market",2 BHK,1060,4200000,Urban,2,3962.264151
Hoodi,8 Bedroom,1120,14500000,Rural,8,12946.42857
Haralur Road,2 BHK,1225,6738000,Urban,2,5500.408163
Thanisandra,3 BHK,2144,13500000,Rural,3,6296.641791
Kengeri,7 Bedroom,1200,14000000,Rural,7,11666.66667
Electronic City,2 BHK,880,2900000,Urban,2,3295.454545
Hoodi,3 BHK,1639,11000000,Rural,3,6711.409396
Thanisandra,3 BHK,1240,6200000,Rural,3,5000
Kanakpura Road,2 BHK,1500,6900000,Urban,2,4600
Haralur Road,2 BHK,1243,4600000,Urban,2,3700.724055
Marathahalli,3 BHK,1575,7800000,Urban,3,4952.380952
Haralur Road,2 BHK,1027,4400000,Urban,2,4284.323272
Kambipura,3 BHK,1082,5600000,Urban,3,5175.600739
Konanakunte,3 BHK,1637,7300000,Rural,3,4459.376909
Kanakpura Road,3 BHK,1665,8658000,Urban,3,5200
Electronic City,2 BHK,1265,5693000,Urban,2,4500.395257
Electronic City,3 BHK,1691,10200000,Urban,3,6031.933767
Thanisandra,2 BHK,1100,3800000,Rural,2,3454.545455
Grihalakshmi Layout,5 Bedroom,24,15000000,Urban,5,625000
Gopalkrishna Nagar,3 Bedroom,1500,6200000,Urban,3,4133.333333
Hosakerehalli,4 BHK,3205,38000000,Urban,4,11856.47426
Kammanahalli,5 Bedroom,1666,15000000,Urban,5,9003.601441
Choodasandra,2 BHK,1115,5000000,Rural,2,4484.304933
Mysore Road,2 BHK,1070,4500000,Urban,2,4205.607477
Indira Nagar,2 BHK,1128,10500000,Urban,2,9308.510638
Budigere,2 BHK,1162,5700000,Rural,2,4905.335628
Sai Gardens,2 BHK,1339,5500000,Rural,2,4107.542942
Mahadevpura,2 BHK,1192,7500000,Urban,2,6291.946309
Haralur Road,3 BHK,1920,11500000,Urban,3,5989.583333
Hennur,2 BHK,1255,5232000,Rural,2,4168.924303
Rajaji Nagar,2 BHK,1357,11500000,Urban,2,8474.576271
Dodda Kempaiah Layout,3 BHK,1600,7500000,Urban,3,4687.5
Hanumanth Nagar,2 BHK,1225,5511000,Urban,2,4498.77551
Whitefield,4 Bedroom,2400,20000000,Urban,4,8333.333333
Kasturi Nagar,3 BHK,1570,8000000,Urban,3,5095.541401
Thanisandra,2 BHK,1093,7000000,Rural,2,6404.391583
Basaveshwara Nagar,3 BHK,1865,14500000,Urban,3,7774.798928
R.T. Nagar,6 Bedroom,1200,16500000,Urban,6,13750
Kaikondrahalli,2 BHK,1039,8000000,Urban,2,7699.711261
Vittasandra,2 BHK,1246,6450000,Rural,2,5176.565008
Whitefield,3 BHK,1985,7500000,Urban,3,3778.337531
Hosakerehalli,3 BHK,1590,4900000,Urban,3,3081.761006
Hunasamaranahalli,4 Bedroom,4000,67500000,Urban,4,16875
Electronic City Phase II,2 BHK,775,3800000,Urban,2,4903.225806
RWF West Colony,2 BHK,1000,5000000,Urban,2,5000
Hebbal Kempapura,3 BHK,1800,17500000,Urban,3,9722.222222
Bommasandra,2 BHK,1035,4100000,Rural,2,3961.352657
Dasarahalli,3 BHK,1520,7500000,Urban,3,4934.210526
Whitefield,2 BHK,1360,9500000,Urban,2,6985.294118
Bileshivale,4 Bedroom,6000,40000000,Rural,4,6666.666667
Kodigehaali,2 BHK,1117,5600000,Rural,2,5013.428827
KR Puram,4 Bedroom,1200,12000000,Urban,4,10000
EPIP Zone,2 BHK,1330,9250000,Rural,2,6954.887218
Marathahalli,3 BHK,1937,16000000,Urban,3,8260.19618
Electronic City,2 BHK,1128,6549000,Urban,2,5805.851064
Neeladri Nagar,2 BHK,1053,4500000,Urban,2,4273.504274
Panathur,2 BHK,1198,7700000,Rural,2,6427.378965
Marathahalli,2 BHK,1152,5600000,Urban,2,4861.111111
1st Block Jayanagar,6 BHK,1200,12500000,Urban,6,10416.66667
Frazer Town,2 BHK,1625,7500000,Urban,2,4615.384615
Kundalahalli,3 BHK,1397,10500000,Urban,3,7516.105941
Yeshwanthpur,3 BHK,1523,17000000,Rural,3,11162.17991
Kambipura,2 BHK,883,4500000,Urban,2,5096.262741
Kaggalipura,1 BHK,700,3800000,Urban,1,5428.571429
Yelahanka,2 BHK,1170,6250000,Urban,2,5341.880342
Kanakpura Road,3 BHK,1200,4200000,Urban,3,3500
Manayata Tech Park,3 BHK,2400,17000000,Rural,3,7083.333333
Kullappa Colony,2 BHK,1480,6500000,Urban,2,4391.891892
Akshaya Nagar,3 BHK,1897,12000000,Urban,3,6325.777543
Rachenahalli,2 BHK,996,6700000,Urban,2,6726.907631
Haralur Road,3 BHK,1875,11000000,Urban,3,5866.666667
Williams Town,3 BHK,1500,9800000,Urban,3,6533.333333
Jaya Nagar East,3 BHK,3095,35000000,Urban,3,11308.5622
Ambalipura,3 BHK,1390,17500000,Urban,3,12589.92806
Yelahanka,3 BHK,1450,6525500,Urban,3,4500.344828
Yelahanka,1 BHK,697,4500000,Urban,1,6456.241033
Sarjapur  Road,1 BHK,710,2700000,Urban,1,3802.816901
Iggalur,2 BHK,910,3050000,Rural,2,3351.648352
Sompura,3 BHK,1025,4800000,Urban,3,4682.926829
Magadi Road,2 BHK,1000,4650000,Urban,2,4650
Harlur,4 Bedroom,1200,24400000,Rural,4,20333.33333
Horamavu Agara,3 BHK,1453,4648000,Urban,3,3198.89883
Sarjapur  Road,4 BHK,3335,30000000,Urban,4,8995.502249
Thanisandra,2 BHK,971.5,3643500,Rural,2,3750.386001
Bellandur,2 BHK,1281,7400000,Urban,2,5776.736924
Cooke Town,1 BHK,565,3500000,Urban,1,6194.690265
Varthur,2 BHK,1024,4200000,Rural,2,4101.5625
Electronic City,3 BHK,1620,6200000,Urban,3,3827.160494
Whitefield,2 BHK,1254,4000000,Urban,2,3189.792663
Banashankari,3 BHK,1300,7500000,Urban,3,5769.230769
Doddakallasandra,2 BHK,1233,4300000,Rural,2,3487.429035
Chokkanahalli,1 Bedroom,1200,2800000,Urban,1,2333.333333
Hosur Road,3 BHK,1510,10500000,Urban,3,6953.642384
Kaggalipura,2 BHK,950,6500000,Urban,2,6842.105263
Battarahalli,3 BHK,1945,9742000,Urban,3,5008.74036
Uttarahalli,2 BHK,1008,4500000,Urban,2,4464.285714
Thanisandra,3 BHK,1265,7900000,Rural,3,6245.059289
Hebbal,3 BHK,1255,7768000,Urban,3,6189.641434
Kanakpura Road,4 BHK,2689,22000000,Urban,4,8181.480104
Yelenahalli,2 BHK,1200,4617000,Urban,2,3847.5
Sarjapur  Road,3 BHK,1403,5163000,Urban,3,3679.97149
Kudlu Gate,3 BHK,1535,8500000,Rural,3,5537.459283
Chikkaballapur,3 Bedroom,1500,10000000,Rural,3,6666.666667
Chamrajpet,3 BHK,1475,12000000,Urban,3,8135.59322
Uttarahalli,3 BHK,1390,6047000,Urban,3,4350.359712
Raja Rajeshwari Nagar,3 BHK,1278,5376000,Urban,3,4206.57277
VGP Layout,2 BHK,1133,5500000,Urban,2,4854.368932
Classic Paradise Layout,5 Bedroom,1560,14500000,Urban,5,9294.871795
Byappanahalli,5 Bedroom,2900,9000000,Urban,5,3103.448276
Kogilu,2 BHK,1170,5199000,Rural,2,4443.589744
Sahakara Nagar,3 Bedroom,1200,20000000,Urban,3,16666.66667
Whitefield,3 BHK,1697,9479000,Urban,3,5585.73954
Thanisandra,3 BHK,1651,9738000,Rural,3,5898.243489
Vasanth nagar,3 BHK,1560,18800000,Urban,3,12051.28205
Hennur Road,3 BHK,1192,6000000,Urban,3,5033.557047
OMBR Layout,2 BHK,1078,6500000,Urban,2,6029.684601
Kumaraswami Layout,7 Bedroom,800,10500000,Urban,7,13125
Kasavanhalli,2 BHK,1349,7800000,Urban,2,5782.060786
Ulsoor,9 Bedroom,2300,21000000,Rural,9,9130.434783
7th Phase JP Nagar,3 BHK,1680,12000000,Urban,3,7142.857143
Rayasandra,3 BHK,1314,6300000,Rural,3,4794.520548
Garudachar Palya,2 BHK,1060,4870000,Urban,2,4594.339623
Kalyan nagar,2 BHK,820,3900000,Urban,2,4756.097561
Whitefield,4 Bedroom,5000,40000000,Urban,4,8000
BEML Layout,3 BHK,2000,8500000,Urban,3,4250
Kalkere,2 BHK,856,4000000,Rural,2,4672.897196
Rajaji Nagar,3 BHK,1621,13000000,Urban,3,8019.740901
ITPL,3 Bedroom,1200,6840000,Urban,3,5700
Bannerghatta Road,3 BHK,1484,5250000,Urban,3,3537.735849
T.C. Palya,4 Bedroom,600,6000000,Urban,4,10000
Siddapura,4 Bedroom,14000,80000000,Urban,4,5714.285714
Yelahanka New Town,1 BHK,500,2000000,Urban,1,4000
Makali,1 BHK,485,1500000,Rural,1,3092.783505
7th Phase JP Nagar,2 BHK,1050,4200000,Urban,2,4000
Uttarahalli,3 BHK,1617,6668000,Urban,3,4123.685838
Electronic City,2 BHK,550,1600000,Urban,2,2909.090909
RWF West Colony,3 BHK,1384,6228000,Urban,3,4500
Devanahalli,2 BHK,1408,8500000,Urban,2,6036.931818
Uttarahalli,2 BHK,1150,4900000,Urban,2,4260.869565
Akshaya Nagar,3 BHK,1410,7500000,Urban,3,5319.148936
Kaggadasapura,4 BHK,2150,10000000,Urban,4,4651.162791
Koramangala,3 BHK,2292,27500000,Urban,3,11998.2548
Malleshwaram,3 BHK,2006,29700000,Rural,3,14805.58325
Maragondanahalli,3 BHK,1508,7025000,Urban,3,4658.488064
Ramamurthy Nagar,2 BHK,1040,5000000,Urban,2,4807.692308
TC Palaya,2 Bedroom,1240,6000000,Urban,2,4838.709677
Kudlu Gate,3 BHK,1535,7800000,Urban,3,5081.433225
Lakshminarayana Pura,2 BHK,1180,7500000,Urban,2,6355.932203
Abbigere,6 Bedroom,2200,6800000,Urban,6,3090.909091
Bannerghatta Road,2 BHK,1400,7800000,Urban,2,5571.428571
Raja Rajeshwari Nagar,1 BHK,500,2500000,Urban,1,5000
Whitefield,4 Bedroom,4800,52500000,Urban,4,10937.5
Sarjapur  Road,3 BHK,1984,14600000,Urban,3,7358.870968
Whitefield,4 Bedroom,3000,25000000,Urban,4,8333.333333
Garudachar Palya,3 BHK,1960,16000000,Urban,3,8163.265306
Sarjapur  Road,2 BHK,1035,4500000,Urban,2,4347.826087
Vibuthipura,4 Bedroom,2150,8000000,Urban,4,3720.930233
Whitefield,3 BHK,1700,11500000,Urban,3,6764.705882
Hosakerehalli,4 BHK,3024,24800000,Urban,4,8201.058201
Tumkur Road,3 BHK,1586,10000000,Urban,3,6305.17024
Hennur,3 Bedroom,2264,15500000,Urban,3,6846.289753
Chikka Tirupathi,4 Bedroom,2325,12000000,Urban,4,5161.290323
Yelahanka,2 BHK,1120,5500000,Urban,2,4910.714286
Yelahanka,3 BHK,1662,6798000,Urban,3,4090.252708
Sarjapur  Road,2 BHK,1128,5900000,Urban,2,5230.496454
5th Block Hbr Layout,6 Bedroom,1200,25000000,Urban,6,20833.33333
Jigani,2 BHK,924,6500000,Rural,2,7034.632035
Suraksha Nagar,3 BHK,1600,5200000,Urban,3,3250
Pai Layout,2 BHK,1006,3500000,Urban,2,3479.125249
Amruthahalli,2 BHK,1200,5500000,Urban,2,4583.333333
Jalahalli West,2 BHK,1250,6200000,Urban,2,4960
Defence Layout,3 Bedroom,1200,13000000,Urban,3,10833.33333
Kannamangala,2 BHK,957,5600000,Urban,2,5851.619645
Whitefield,2 BHK,1140,4100000,Urban,2,3596.491228
Roopena Agrahara,2 BHK,1050,6700000,Urban,2,6380.952381
Kasturi Nagar,3 BHK,1565,8850000,Urban,3,5654.952077
Whitefield,2 BHK,1190,5700000,Urban,2,4789.915966
Whitefield,3 Bedroom,2842,16200000,Urban,3,5700.211119
Kanakpura Road,3 BHK,1558.67,6500000,Urban,3,4170.222048
Electronics City Phase 1,1 BHK,630,3900000,Urban,1,6190.47619
Whitefield,3 BHK,1403,6081000,Urban,3,4334.283678
Kanakpura Road,3 BHK,1542,8500000,Urban,3,5512.32166
Haralur Road,4 Bedroom,2750,22000000,Urban,4,8000
Iblur Village,4 BHK,3596,29000000,Urban,4,8064.516129
Kengeri Satellite Town,3 BHK,1635,7800000,Urban,3,4770.642202
Mysore Road,2 BHK,1239,5300000,Urban,2,4277.643261
Haralur Road,2 BHK,1194,4700000,Urban,2,3936.348409
Dooravani Nagar,3 BHK,1596,10500000,Urban,3,6578.947368
Channasandra,2 BHK,1009,3834000,Urban,2,3799.801784
Hosa Road,3 BHK,1726,8199000,Urban,3,4750.289687
Kudlu Gate,3 BHK,1535,8600000,Urban,3,5602.605863
Banashankari Stage V,3 BHK,1300,5850000,Urban,3,4500
Whitefield,4 Bedroom,3100,46500000,Urban,4,15000
Coconut Garden,3 BHK,1800,8000000,Urban,3,4444.444444
Binny Pete,1 BHK,665,5075000,Urban,1,7631.578947
Chamrajpet,9 Bedroom,4050,120000000,Urban,9,29629.62963
TC Palaya,3 Bedroom,1500,10000000,Urban,3,6666.666667
Kalkere,2 BHK,925,4800000,Urban,2,5189.189189
Old Airport Road,4 BHK,3356,25100000,Urban,4,7479.141836
Gollahalli,2 BHK,1395,6359000,Rural,2,4558.422939
Sonnenahalli,3 BHK,1415,5500000,Rural,3,3886.925795
Begur,3 BHK,1419,5900000,Urban,3,4157.857646
Kasavanhalli,2 BHK,1121,7800000,Urban,2,6958.073149
Kambipura,3 BHK,1082,4500000,Urban,3,4158.96488
KR Puram,2 BHK,1100,4700000,Urban,2,4272.727273
Hoodi,3 BHK,1606,8955000,Urban,3,5575.965131
Billekahalli,3 BHK,1650,8800000,Urban,3,5333.333333
D Souza Layout,3 BHK,4634,101500000,Urban,3,21903.32326
Old Airport Road,2 BHK,1206,7500000,Urban,2,6218.905473
Sarjapur  Road,3 BHK,1495,6400000,Urban,3,4280.936455
Malleshwaram,8 Bedroom,840,19500000,Urban,8,23214.28571
Electronic City,2 BHK,710,1600000,Urban,2,2253.521127
Balagere,2 BHK,1210,7200000,Urban,2,5950.413223
Nagarbhavi,3 BHK,1523,5340000,Urban,3,3506.237689
Whitefield,2 BHK,1232,4500000,Urban,2,3652.597403
Rachenahalli,1 BHK,680,4400000,Urban,1,6470.588235
Hebbal,3 BHK,1355,8387000,Urban,3,6189.667897
Thanisandra,3 BHK,1430,5146000,Urban,3,3598.601399
Kothannur,3 BHK,1275,4385000,Urban,3,3439.215686
Electronic City,2 BHK,1070,5610000,Urban,2,5242.990654
Bettahalsoor,3 Bedroom,1200,8500000,Rural,3,7083.333333
Electronic City,4 Bedroom,2000,12000000,Urban,4,6000
Bommanahalli,2 BHK,1200,4000000,Urban,2,3333.333333
Marathahalli,3 BHK,1610,9000000,Urban,3,5590.062112
Haralur Road,2 BHK,1140,4300000,Urban,2,3771.929825
Raja Rajeshwari Nagar,2 BHK,1143,3865000,Urban,2,3381.452318
Jakkur,4 BHK,3467.86,24900000,Urban,4,7180.220655
Rachenahalli,3 BHK,1530,7440000,Urban,3,4862.745098
7th Phase JP Nagar,2 BHK,980,6900000,Urban,2,7040.816327
Whitefield,3 BHK,1485,6500000,Urban,3,4377.104377
Whitefield,3 Bedroom,1500,13000000,Urban,3,8666.666667
Whitefield,2 BHK,1280,7500000,Urban,2,5859.375
Thanisandra,2 BHK,1265,8500000,Urban,2,6719.367589
"ECC Road, Whitefield, ",2 BHK,1132,6700000,Urban,2,5918.727915
Ashwath Nagar,2 BHK,1262,6300000,Urban,2,4992.07607
JP Nagar,2 BHK,940,4900000,Urban,2,5212.765957
Seetharampalya,3 BHK,1515,8800000,Urban,3,5808.580858
Jigani,3 BHK,1300,15000000,Rural,3,11538.46154
Kothanur,3 Bedroom,1840,6900000,Urban,3,3750
Electronic City,2 BHK,890,4500000,Urban,2,5056.179775
Rukmaiah Layout,3 BHK,1655,8606000,Urban,3,5200
Hennur Road,3 BHK,2060,14900000,Urban,3,7233.009709
Bommanahalli,3 BHK,1730,9600000,Urban,3,5549.132948
Yelahanka,3 BHK,2195,12700000,Urban,3,5785.876993
Kathriguppe,3 BHK,1650,12500000,Urban,3,7575.757576
KR Puram,2 Bedroom,1200,7100000,Urban,2,5916.666667
Hosa Road,2 BHK,1079,3237000,Urban,2,3000
Panathur,2 BHK,1085,3600000,Urban,2,3317.97235
Maruthi Sevanagar,7 Bedroom,5000,29900000,Urban,7,5980
Yelahanka,2 BHK,1075,5150000,Urban,2,4790.697674
Devanahalli Int. Airport,2 BHK,1380,8000000,Urban,2,5797.101449
Puttanahalli,3 BHK,1450,6500000,Urban,3,4482.758621
Thubarahalli,2 BHK,1200,7800000,Urban,2,6500
Benson Town,3 BHK,3200,35000000,Urban,3,10937.5
Hoodi,3 BHK,1639,9832000,Urban,3,5998.779744
Jakkuru Layout,2 BHK,1200,5400000,Urban,2,4500
Vijayanagar,3 BHK,1739,11600000,Urban,3,6670.500288
Palanahalli,4 Bedroom,4346,50000000,Rural,4,11504.83203
Old Madras Road,2 BHK,935,3272000,Urban,2,3499.465241
 Thanisandra,1 RK,510,2525000,Urban,1,4950.980392
Devasandra Extension,6 Bedroom,1200,18000000,Urban,6,15000
Nagondanahalli,2 BHK,1178,4700000,Urban,2,3989.813243
Chikkalasandra,3 BHK,1375,5000000,Urban,3,3636.363636
Chandapura,3 BHK,1065,3300000,Rural,3,3098.591549
2nd Phase Judicial Layout,3 BHK,1450,5075000,Urban,3,3500
BEML Layout,2 BHK,999,4500000,Urban,2,4504.504505
Amruthahalli,2 BHK,4400,47500000,Urban,2,10795.45455
Marathahalli,5 Bedroom,1350,13500000,Urban,5,10000
Kothannur,2 BHK,1100,4000000,Urban,2,3636.363636
Koramangala,3 BHK,1835,15500000,Urban,3,8446.866485
Hoodi,4 BHK,2090,9510000,Urban,4,4550.239234
Lingadheeranahalli,3 BHK,1519,9300000,Urban,3,6122.44898
Dommasandra,3 BHK,1267,5600000,Urban,3,4419.889503
Sanjay nagar,2 BHK,1150,7220000,Urban,2,6278.26087
Marathahalli,2 BHK,1146,7000000,Urban,2,6108.202443
1st Block HRBR Layout,8 Bedroom,1200,23500000,Urban,8,19583.33333
Kannamangala,3 BHK,1550,6500000,Urban,3,4193.548387
Chandapura,2 BHK,850,1850000,Rural,2,2176.470588
Richmond Town,3 BHK,2200,18700000,Urban,3,8500
"Sarjapur Road, ",3 Bedroom,3329,33000000,Urban,3,9912.886753
Electronics City Phase 1,1 BHK,785,5500000,Urban,1,7006.369427
Hebbal Kempapura,3 BHK,2900,30000000,Urban,3,10344.82759
Raja Rajeshwari Nagar,3 BHK,1610,7400000,Urban,3,4596.273292
Bellandur,2 BHK,921,4000000,Urban,2,4343.10532
Kengeri Satellite Town,3 Bedroom,850,9500000,Urban,3,11176.47059
Bannerghatta Road,5 Bedroom,2700,15800000,Urban,5,5851.851852
Sarjapur  Road,3 BHK,1700,11000000,Urban,3,6470.588235
Sarjapur,2 BHK,1020,3500000,Urban,2,3431.372549
Billekahalli,2 BHK,1090,5200000,Urban,2,4770.642202
Bagalur Main Road,4 Bedroom,3600,30000000,Urban,4,8333.333333
Haralur Road,2 BHK,1027,4400000,Urban,2,4284.323272
Thanisandra,2 BHK,1185,4210000,Urban,2,3552.742616
Doddathoguru,2 BHK,850,2500000,Urban,2,2941.176471
Harlur,2 BHK,1197,8400000,Urban,2,7017.54386
Byadarahalli,4 BHK,3500,45000000,Urban,4,12857.14286
Poorna Pragna Layout,2 BHK,920,3955000,Urban,2,4298.913043
Raja Rajeshwari Nagar,2 BHK,1105,6500000,Urban,2,5882.352941
Yeshwanthpur,3 BHK,1850,10000000,Urban,3,5405.405405
Judicial Layout,3 BHK,1300,6400000,Urban,3,4923.076923
"Varthur Road, ",3 BHK,1595,7600000,Urban,3,4764.890282
Kodihalli,4 BHK,3073,69600000,Urban,4,22648.87732
Horamavu Agara,2 BHK,755,3749000,Urban,2,4965.562914
Nagasandra,5 Bedroom,4050,14000000,Urban,5,3456.790123
Kanakpura Road,3 BHK,1300,6900000,Urban,3,5307.692308
Bannerghatta Road,2 BHK,1215,5000000,Urban,2,4115.226337
Kanakpura Road,2 BHK,900,4600000,Urban,2,5111.111111
Banashankari Stage III,2 BHK,1145,5840000,Urban,2,5100.436681
Chikka Banaswadi,2 BHK,1093,6500000,Urban,2,5946.935041
Babusapalaya,3 BHK,1213,4139000,Urban,3,3412.201154
Bannerghatta Road,3 BHK,1654,10000000,Urban,3,6045.949214
NGR Layout,2 BHK,1105,5248000,Urban,2,4749.321267
Babusapalaya,3 BHK,1611,6600000,Urban,3,4096.834264
Outer Ring Road East,2 BHK,1367,6200000,Urban,2,4535.479151
Devanahalli,2 BHK,1010,5100000,Rural,2,5049.50495
Kavika Layout,3 Bedroom,750,7500000,Urban,3,10000
Vinayaka Nagar,3 BHK,1535,9500000,Urban,3,6188.925081
Anekal,2 BHK,620,2200000,Rural,2,3548.387097
Horamavu Agara,2 BHK,982,4765000,Urban,2,4852.342159
Banashankari Stage II,2 BHK,1700,15000000,Urban,2,8823.529412
Whitefield,2 BHK,1330,7100000,Urban,2,5338.345865
JP Nagar,3 Bedroom,2500,13500000,Urban,3,5400
Poorna Pragna Layout,3 BHK,1475,5899000,Urban,3,3999.322034
Bhoganhalli,3 BHK,1410,6500000,Urban,3,4609.929078
Yelahanka New Town,1 BHK,440,1650000,Urban,1,3750
Yelahanka,3 BHK,1614,9500000,Urban,3,5885.997522
Neeladri Nagar,2 BHK,1363,6800000,Urban,2,4988.994864
Kogilu,2 Bedroom,650,2800000,Urban,2,4307.692308
Dodda Kempaiah Layout,2 BHK,1015,4500000,Urban,2,4433.497537
Horamavu Banaswadi,2 BHK,1156,4600000,Urban,2,3979.238754
Hennur Busstop,2 BHK,1100,6270000,Urban,2,5700
KR Puram,3 BHK,1455,4600000,Urban,3,3161.512027
GB Palya,2 BHK,930,4500000,Urban,2,4838.709677
AMS Layout,3 BHK,1650,8000000,Urban,3,4848.484848
KR Puram,2 Bedroom,1200,9000000,Urban,2,7500
9th Block Jayanagar,1 Bedroom,700,15000000,Urban,1,21428.57143
Karuna Nagar,4 BHK,2900,13500000,Urban,4,4655.172414
Kadugodi,3 BHK,1890,12700000,Urban,3,6719.57672
Ashwathnagar,3 BHK,2197,28000000,Urban,3,12744.6518
Hebbal Kempapura,3 BHK,3522,38000000,Urban,3,10789.32425
Gaurava Nagar,3 BHK,1240,4600000,Urban,3,3709.677419
HRBR Layout,2 BHK,1440,9800000,Urban,2,6805.555556
Kodichikkanahalli,1 BHK,650,3800000,Urban,1,5846.153846
Budigere,1 BHK,764,3200000,Urban,1,4188.481675
Sector 7 HSR Layout,5 Bedroom,900,9000000,Urban,5,10000
Raja Rajeshwari Nagar,3 BHK,1693,5739000,Urban,3,3389.84052
Hoodi,3 BHK,1445,6500000,Urban,3,4498.269896
Kanakpura Road,2 BHK,900,4500000,Urban,2,5000
Singasandra,2 BHK,1030,5500000,Urban,2,5339.805825
Yelahanka,3 BHK,1381,5248000,Urban,3,3800.144823
Basapura,2 BHK,1100,6000000,Urban,2,5454.545455
Hoodi,3 BHK,1575,6639000,Urban,3,4215.238095
Thigalarapalya,2 Bedroom,1200,6500000,Urban,2,5416.666667
Begur Road,2 BHK,1200,4320000,Urban,2,3600
Kasturi Nagar,2 BHK,1080,8000000,Urban,2,7407.407407
Hebbal Kempapura,5 Bedroom,2280,20000000,Urban,5,8771.929825
Akshaya Nagar,3 BHK,1360,8500000,Urban,3,6250
Jakkur,3 BHK,1865,12400000,Urban,3,6648.793566
Sarjapur  Road,3 BHK,1157,7500000,Urban,3,6482.281763
Kammasandra,2 BHK,674,2900000,Urban,2,4302.670623
Whitefield,3 BHK,1405,7800000,Urban,3,5551.601423
Begur Road,2 BHK,1160,4408000,Urban,2,3800
Kengeri Satellite Town ( BDA SITE),4 Bedroom,1600,17200000,Urban,4,10750
Hebbal,3 BHK,1790,12700000,Urban,3,7094.972067
Electronic City,2 BHK,1128,6565000,Urban,2,5820.035461
Panathur,2 BHK,1180,7000000,Urban,2,5932.20339
AGS Layout,3 BHK,1450,8500000,Urban,3,5862.068966
Kengeri,1 BHK,340,1000000,Urban,1,2941.176471
Srinagar,4 Bedroom,2000,16600000,Urban,4,8300
Rachenahalli,2 BHK,1050,5350000,Urban,2,5095.238095
Varthur,2 BHK,1125,4000000,Urban,2,3555.555556
Vittasandra,2 BHK,1246,6800000,Urban,2,5457.463884
HSR Layout,2 BHK,1372,6100000,Urban,2,4446.06414
Uttarahalli,3 BHK,1330,5600000,Urban,3,4210.526316
Binny Pete,3 BHK,2465,23400000,Urban,3,9492.900609
Dasarahalli,2 BHK,1300,5500000,Urban,2,4230.769231
Brigade Road,2 Bedroom,1420,22000000,Urban,2,15492.95775
Bannerghatta,4 Bedroom,810,5000000,Urban,4,6172.839506
Channasandra,2 BHK,1065,3500000,Urban,2,3286.384977
Hessarghatta,2 BHK,700,2700000,Rural,2,3857.142857
Hebbal,2 BHK,687.325,4272000,Urban,2,6215.400284
Belathur,2 BHK,1050,4500000,Urban,2,4285.714286
Maruthi HBCS Layout,3 BHK,1250,3950000,Urban,3,3160
Electronic City,2 BHK,865,4200000,Urban,2,4855.491329
Uttarahalli,2 BHK,1200,4400000,Urban,2,3666.666667
Srirampura,3 BHK,1756,10000000,Urban,3,5694.76082
Malleshwaram,9 Bedroom,750,15000000,Urban,9,20000
Yelahanka,1 BHK,628,2400000,Urban,1,3821.656051
9th Phase JP Nagar,7 Bedroom,1200,19500000,Urban,7,16250
5th Phase JP Nagar,2 BHK,1207,6300000,Urban,2,5219.55261
Kalena Agrahara,3 BHK,1765,12500000,Urban,3,7082.152975
Electronic City,2 BHK,1130,3264000,Urban,2,2888.495575
Devanahalli Road,3 BHK,1532,9200000,Urban,3,6005.221932
Ejipura,3 BHK,1650,11000000,Urban,3,6666.666667
Bhoganhalli,2 BHK,804.1,6909000,Urban,2,8592.214899
Himagiri Meadows,2 BHK,869,3600000,Rural,2,4142.69275
Adarsh Nagar,2 BHK,1270,5000000,Urban,2,3937.007874
Bhoganhalli,3 BHK,1670,9900000,Urban,3,5928.143713
Whitefield,3 BHK,2010,9100000,Rural,3,4527.363184
Lakshminarayana Pura,2 BHK,1185,7500000,Rural,2,6329.113924
Yelahanka,3 BHK,1600,7500000,Rural,3,4687.5
Begur Road,2 BHK,1200,4400000,Urban,2,3666.666667
Basavanapura,3 BHK,1612,4674000,Rural,3,2899.503722
Ramakrishnappa Layout,2 BHK,1500,18500000,Urban,2,12333.33333
Murugeshpalya,6 Bedroom,1407,15000000,Rural,6,10660.98081
Govindaraja Nagar Ward,2 BHK,840,4500000,Urban,2,5357.142857
Tharabanahalli,3 Bedroom,4395,24000000,Urban,3,5460.750853
Ganga Nagar,2 BHK,845,5500000,Urban,2,6508.87574
Whitefield,4 Bedroom,5700,65000000,Rural,4,11403.50877
Varthur,2 BHK,1160,4400000,Rural,2,3793.103448
Bommanahalli,8 Bedroom,3000,14000000,Urban,8,4666.666667
Doddathoguru,2 BHK,1100,6200000,Rural,2,5636.363636
Gunjur,2 BHK,1140,4300000,Rural,2,3771.929825
Marathahalli,2 BHK,1220,5700000,Urban,2,4672.131148
Devarachikkanahalli,8 Bedroom,1350,8500000,Urban,8,6296.296296
Kanakpura Road,2 BHK,1005,3668000,Urban,2,3649.751244
Double Road,3 Bedroom,500,10000000,Urban,3,20000
Begur Road,2 BHK,1358,8058000,Urban,2,5933.726068
Hegde Nagar,3 BHK,1569,10100000,Urban,3,6437.22116
Haralur Road,2 BHK,1240,7000000,Urban,2,5645.16129
Hennur Road,3 BHK,2089,14000000,Urban,3,6701.771182
Kothannur,2 BHK,1206,4823000,Rural,2,3999.170813
Kalena Agrahara,2 BHK,1150,4000000,Rural,2,3478.26087
Cholanayakanahalli,3 BHK,2511,20500000,Urban,3,8164.078057
Kaval Byrasandra,2 BHK,460,2200000,Rural,2,4782.608696
ISRO Layout,6 Bedroom,4400,25000000,Urban,6,5681.818182
Kodanda Reddy Layout,3 BHK,1660,10500000,Urban,3,6325.301205
Hennur Road,4 Bedroom,3203.5,22450000,Urban,4,7007.960044
Yelahanka,2 BHK,1326,7800000,Rural,2,5882.352941
Garudachar Palya,3 BHK,1325,6080000,Rural,3,4588.679245
EPIP Zone,3 BHK,1499,10200000,Urban,3,6804.536358
Hegde Nagar,6 Bedroom,3000,21000000,Urban,6,7000
Kanakpura Road,3 BHK,1665,8800000,Urban,3,5285.285285
Dasanapura,2 BHK,708,3700000,Rural,2,5225.988701
Kasavanhalli,2 BHK,1060,5806000,Urban,2,5477.358491
Rajaji Nagar,6 Bedroom,710,16000000,Urban,6,22535.21127
Sanjay nagar,2 BHK,1000,7000000,Urban,2,7000
Electronic City,2 BHK,1000,2888000,Urban,2,2888
Mysore Highway,3 BHK,1450,7000000,Rural,3,4827.586207
ISRO Layout,4 Bedroom,1200,15500000,Urban,4,12916.66667
Thanisandra,2 BHK,1296,8000000,Rural,2,6172.839506
Domlur,3 BHK,1540,9000000,Rural,3,5844.155844
Kengeri,4 Bedroom,2894,24500000,Rural,4,8465.791292
Sarjapura - Attibele Road,3 BHK,1330,4800000,Urban,3,3609.022556
Devasthanagalu,2 BHK,1200,6500000,Rural,2,5416.666667
T Dasarahalli,3 Bedroom,1200,9000000,Urban,3,7500
Yeshwanthpur,3 BHK,2502,13800000,Urban,3,5515.58753
Chandapura,2 BHK,650,1700000,Rural,2,2615.384615
Kothanur,3 Bedroom,2400,15000000,Rural,3,6250
Green View Layout,2 BHK,1007,4300000,Urban,2,4270.109235
Shantiniketan Layout,2 BHK,1200,5000000,Urban,2,4166.666667
Peenya,2 BHK,966,4990000,Rural,2,5165.63147
Nagarbhavi,3 BHK,1630,9800000,Urban,3,6012.269939
Rajaji Nagar,3 BHK,1640,22900000,Urban,3,13963.41463
Jalahalli West,2 BHK,782,5568000,Urban,2,7120.204604
Devanahalli,2 BHK,1260,6678000,Urban,2,5300
Lakshmiamma Garden,3 BHK,1800,12000000,Rural,3,6666.666667
Byatarayanapura,3 BHK,1413,7500000,Rural,3,5307.855626
Whitefield,2 BHK,1116,5191000,Rural,2,4651.433692
Electronic City,3 BHK,1530,4590000,Urban,3,3000
Ramamurthy Nagar,4 Bedroom,3700,22500000,Urban,4,6081.081081
Sarjapur Road,3 Bedroom,2497,14000000,Urban,3,5606.728074
Kengeri,3 BHK,1540,6400000,Rural,3,4155.844156
Thanisandra,3 BHK,1436,7475000,Rural,3,5205.431755
Malleshwaram,2 BHK,1100,7500000,Urban,2,6818.181818
Double Road,3 Bedroom,500,10000000,Rural,3,20000
Begur Road,2 BHK,1358,8058000,Urban,2,5933.726068
Hegde Nagar,3 BHK,1569,10100000,Rural,3,6437.22116
Haralur Road,2 BHK,1240,7000000,Urban,2,5645.16129
Hennur Road,3 BHK,2089,14000000,Urban,3,6701.771182
Kothannur,2 BHK,1206,4823000,Rural,2,3999.170813
Kalena Agrahara,2 BHK,1150,4000000,Rural,2,3478.26087
Cholanayakanahalli,3 BHK,2511,20500000,Rural,3,8164.078057
Kaval Byrasandra,2 BHK,460,2200000,Rural,2,4782.608696
ISRO Layout,6 Bedroom,4400,25000000,Rural,6,5681.818182
Kodanda Reddy Layout,3 BHK,1660,10500000,Rural,3,6325.301205
Hennur Road,4 Bedroom,3203.5,22450000,Urban,4,7007.960044
Yelahanka,2 BHK,1326,7800000,Urban,2,5882.352941
Garudachar Palya,3 BHK,1325,6080000,Rural,3,4588.679245
EPIP Zone,3 BHK,1499,10200000,Rural,3,6804.536358
Hegde Nagar,6 Bedroom,3000,21000000,Rural,6,7000
Kanakpura Road,3 BHK,1665,8800000,Urban,3,5285.285285
Dasanapura,2 BHK,708,3700000,Rural,2,5225.988701
Kasavanhalli,2 BHK,1060,5806000,Rural,2,5477.358491
Rajaji Nagar,6 Bedroom,710,16000000,Urban,6,22535.21127
Sanjay nagar,2 BHK,1000,7000000,Rural,2,7000
Electronic City,2 BHK,1000,2888000,Urban,2,2888
 Mysore Highway,3 BHK,1450,7000000,Rural,3,4827.586207
ISRO Layout,4 Bedroom,1200,15500000,Rural,4,12916.66667
Thanisandra,2 BHK,1296,8000000,Rural,2,6172.839506
Domlur,3 BHK,1540,9000000,Urban,3,5844.155844
Kengeri,4 Bedroom,2894,24500000,Urban,4,8465.791292
Sarjapura - Attibele Road,3 BHK,1330,4800000,Urban,3,3609.022556
Devasthanagalu,2 BHK,1200,6500000,Rural,2,5416.666667
T Dasarahalli,3 Bedroom,1200,9000000,Rural,3,7500
Yeshwanthpur,3 BHK,2502,13800000,Rural,3,5515.58753
Chandapura,2 BHK,650,1700000,Rural,2,2615.384615
Kothanur,3 Bedroom,2400,15000000,Rural,3,6250
Green View Layout,2 BHK,1007,4300000,Rural,2,4270.109235
Shantiniketan Layout,2 BHK,1200,5000000,Rural,2,4166.666667
Peenya,2 BHK,966,4990000,Urban,2,5165.63147
Nagarbhavi,3 BHK,1630,9800000,Rural,3,6012.269939
Rajaji Nagar,3 BHK,1640,22900000,Urban,3,13963.41463
Jalahalli West,2 BHK,782,5568000,Rural,2,7120.204604
Devanahalli,2 BHK,1260,6678000,Rural,2,5300
Lakshmiamma Garden,3 BHK,1800,12000000,Rural,3,6666.666667
Byatarayanapura,3 BHK,1413,7500000,Rural,3,5307.855626
Whitefield,2 BHK,1116,5191000,Urban,2,4651.433692
Electronic City,3 BHK,1530,4590000,Urban,3,3000
Ramamurthy Nagar,4 Bedroom,3700,22500000,Rural,4,6081.081081
Sarjapur  Road,3 Bedroom,2497,14000000,Urban,3,5606.728074
Kengeri,3 BHK,1540,6400000,Urban,3,4155.844156
Thanisandra,3 BHK,1436,7475000,Rural,3,5205.431755
Malleshwaram,2 BHK,1100,7500000,Urban,2,6818.181818
Hennur Road,2 Bedroom,276,2300000,Urban,2,8333.333333
Thanisandra,3 BHK,1427,12000000,Rural,3,8409.250175
Akshaya Nagar,3 BHK,2061,20000000,Rural,3,9704.027171
Hebbal,4 BHK,5611.5,47700000,Urban,4,8500.400962
Shampura,4 BHK,2650,15000000,Rural,4,5660.377358
Devanahalli,3 BHK,1282,6852000,Rural,3,5344.773791
Kadugodi,2 BHK,1050,3400000,Rural,2,3238.095238
LB Shastri Nagar,3 BHK,1600,6500000,Rural,3,4062.5
Vajarahalli,2 BHK,945,5400000,Urban,2,5714.285714
Hormavu,2 BHK,1500,7800000,Rural,2,5200
Vishwapriya Layout,7 Bedroom,950,11500000,Rural,7,12105.26316
Peenya,3 BHK,1870,11000000,Urban,3,5882.352941
Sarjapur,3 Bedroom,1600,7500000,Urban,3,4687.5
Electronic City,2 BHK,880,1650000,Urban,2,1875
Ramaswamy Palya - Kammanahalli Main Road,4 Bedroom,1200,21000000,Rural,4,17500
Kudlu Gate,3 BHK,1535,8300000,Rural,3,5407.166124
Kanakpura Road,2 BHK,950,5700000,Urban,2,6000
Devanahalli,2 BHK,1360,6500000,Rural,2,4779.411765
Kengeri Satellite Town,2 BHK,890,3500000,Urban,2,3932.58427
Bommasandra Industrial Area,3 BHK,1280,5040000,Urban,3,3937.5
Chandra Layout,3 BHK,1260,8505000,Rural,3,6750
Hennur Road,8 Bedroom,5000,25000000,Urban,8,5000
Yelahanka,5 BHK,3050,21300000,Urban,5,6983.606557
Kasavanhalli,3 BHK,1563.05,10500000,Rural,3,6717.635392
ISRO Layout,2 BHK,1000,6000000,Rural,2,6000
Anandapura,2 BHK,1167,4376000,Rural,2,3749.785775
Vishveshwarya Layout,7 BHK,4000,22500000,Rural,7,5625
Kothanur,3 BHK,1828,11000000,Rural,3,6017.50547
Kengeri Satellite Town,2 BHK,890,3500000,Urban,2,3932.58427
Basavanapura,3 BHK,1612,4674000,Urban,3,2899.503722
Dinnur,6 Bedroom,1034,18500000,Rural,6,17891.68279
Mysore Road,3 BHK,1710,9131000,Rural,3,5339.766082
Kannamangala,2 BHK,957,5800000,Rural,2,6060.606061
 Devarachikkanahalli,3 BHK,1250,4400000,Rural,3,3520
Sanjeevini Nagar,3 BHK,2795,23500000,Rural,3,8407.871199
Hulimavu,2 BHK,1125,5000000,Rural,2,4444.444444
Electronic City Phase II,2 BHK,1020,3060000,Urban,2,3000
Kalena Agrahara,2 BHK,1200,5000000,Rural,2,4166.666667
Thanisandra,3 BHK,1735,13500000,Rural,3,7780.979827
Thanisandra,3 BHK,2050,14500000,Rural,3,7073.170732
Mahalakshmi Layout,4 Bedroom,3750,76000000,Rural,4,20266.66667
Yarandahalli,3 BHK,1350,4800000,Rural,3,3555.555556
Hosa Road,2 BHK,1063,3200000,Rural,2,3010.348071
Keshava Nagar,3 BHK,1904,15000000,Rural,3,7878.151261
Whitefield,4 Bedroom,4200,42000000,Urban,4,10000
RMV Extension,3 BHK,2000,17500000,Rural,3,8750
Sarjapur,2 BHK,1242.5,4349000,Urban,2,3500.201207
Tejaswini Nagar,3 BHK,1425,7500000,Rural,3,5263.157895
Electronic City,3 BHK,1500,6450000,Urban,3,4300
Electronic City,2 BHK,1060,6000000,Urban,2,5660.377358
Jai Bheema Nagar,3 BHK,1470,7000000,Rural,3,4761.904762
Kothnur Narayanapura,6 BHK,1300,9900000,Rural,6,7615.384615
Attibele,1 BHK,450,1100000,Urban,1,2444.444444
Electronic City,2 BHK,1152,6450000,Urban,2,5598.958333
Electronic City,3 BHK,1350,5600000,Urban,3,4148.148148
CV Raman Nagar,3 BHK,1550,6500000,Urban,3,4193.548387
CHIKKATIRUPATHI,3 Bedroom,1500,10000000,Rural,3,6666.666667
Kumaraswami Layout,5 Bedroom,600,8500000,Rural,5,14166.66667
Nagavara,1 Bedroom,400,1400000,Urban,1,3500
Malleshwaram,1 BHK,705,6700000,Urban,1,9503.546099
Electronic City,2 BHK,770,3600000,Urban,2,4675.324675
Hulimavu,2 BHK,1242,5100000,Rural,2,4106.280193
Hebbal Kempapura,3 BHK,1700,15500000,Urban,3,9117.647059
Thanisandra,3 BHK,2144,14500000,Rural,3,6763.059701
Vijayanagar,3 BHK,1704,11000000,Urban,3,6455.399061
Electronic City,2 BHK,1070,5200000,Urban,2,4859.813084
8th block Koramangala,3 Bedroom,1846,30000000,Urban,3,16251.35428
Jakkuru Layout,2 BHK,1340,5570000,Rural,2,4156.716418
Electronic City,2 BHK,1025,4600000,Urban,2,4487.804878
KR Puram,2 BHK,1277.5,5680000,Urban,2,4446.183953
Marathahalli,2 BHK,1200,5200000,Urban,2,4333.333333
Kanakpura Road,4 Bedroom,2250,11000000,Urban,4,4888.888889
Pattandur Agrahara,3 BHK,1550,8000000,Rural,3,5161.290323
Bellandur,4 Bedroom,1200,32500000,Urban,4,27083.33333
Ejipura,7 Bedroom,1800,25000000,Rural,7,13888.88889
Marathahalli,2 BHK,1200,6000000,Urban,2,5000
Yelahanka,2 BHK,1327,9800000,Urban,2,7385.079126
Kothanur,2 BHK,1186,5800000,Rural,2,4890.387858
MS Pallya,3 Bedroom,1783,11500000,Rural,3,6449.803702
HSR Layout,3 BHK,1400,5600000,Urban,3,4000
Nagasandra,2 BHK,980,4800000,Urban,2,4897.959184
EPIP Zone,2 BHK,1285,8200000,Rural,2,6381.322957
Langford Town,3 BHK,912,7000000,Rural,3,7675.438596
Whitefield,2 BHK,1225,4760000,Urban,2,3885.714286
Whitefield,2 BHK,1075,5300000,Urban,2,4930.232558
Kadugodi,3 BHK,1260,5400000,Rural,3,4285.714286
Yelahanka,3 BHK,1282,4870000,Urban,3,3798.75195
Kogilu,3 BHK,1909,8800000,Rural,3,4609.743321
Panathur,2 BHK,1359,8700000,Rural,2,6401.766004
Nagondanahalli,2 BHK,1207,4350000,Rural,2,3603.976802
Padmanabhanagar,4 Bedroom,1736,19000000,Urban,4,10944.70046
1st Block Jayanagar,4 BHK,2850,42800000,Urban,4,15017.54386
Kammasandra,3 BHK,1595,6500000,Rural,3,4075.23511
"Off Sarjapur Road, ",3 BHK,1798,8900000,Urban,3,4949.944383
Electronics City Phase 1,3 BHK,1475,7829000,Rural,3,5307.79661
Tala Cauvery Layout,3 BHK,1580,10000000,Rural,3,6329.113924
Dasarahalli,2 BHK,1295,6500000,Rural,2,5019.305019
Magadi Road,6 Bedroom,3600,14100000,Rural,6,3916.666667
Electronic City,1 BHK,589,2700000,Urban,1,4584.040747
Ngef Layout,3 BHK,1415,7800000,Rural,3,5512.367491
Sarjapur  Road,3 BHK,1787,9829000,Urban,3,5500.279799
Sarjapur  Road,3 BHK,1787,12500000,Urban,3,6994.963626
Koramangala,3 BHK,1475,9000000,Urban,3,6101.694915
"Lakshminarayanapura, Electronic City Phase 2",4 BHK,2000,7550000,Urban,4,3775
Sarjapur  Road,2 BHK,984,4428000,Urban,2,4500
Devanahalli,3 BHK,1630,7482000,Rural,3,4590.184049
Muthurayya Swamy Layout,3 BHK,2405,26000000,Rural,3,10810.81081
7th Phase JP Nagar,2 BHK,1080,7200000,Urban,2,6666.666667
Shantiniketan Layout,2 Bedroom,1500,11500000,Rural,2,7666.666667
Hebbal,3 BHK,1900,11900000,Urban,3,6263.157895
Dommasandra,2 BHK,805,2214000,Urban,2,2750.310559
Budigere,2 BHK,1153,5640000,Rural,2,4891.587164
Dodda Nekkundi Extension,2 BHK,1148,6000000,Rural,2,5226.480836
Mylasandra,2 BHK,1110,5500000,Rural,2,4954.954955
Electronic City,2 BHK,1100,4200000,Urban,2,3818.181818
Kalyan nagar,2 BHK,1290,11000000,Rural,2,8527.131783
Dr Shivarama Karantha Nagar,3 BHK,1500,6500000,Rural,3,4333.333333
Bank Of Baroda Colony,2 BHK,1080,3900000,Rural,2,3611.111111
Vijayanagar,3 BHK,1933,12900000,Urban,3,6673.564408
Ramamurthy Nagar,5 Bedroom,3500,15000000,Urban,5,4285.714286
Kullappa Colony,2 BHK,1060,6000000,Rural,2,5660.377358
Chandapura,1 BHK,645,1645000,Rural,1,2550.387597
Mukkutam Nagar,8 Bedroom,2600,18000000,Rural,8,6923.076923
Chandapura,1 BHK,645,1645000,Rural,1,2550.387597
Ashwath Nagar,3 BHK,1644,8400000,Rural,3,5109.489051
Ncpr Industrial Layout,2 BHK,1285,7250000,Rural,2,5642.023346
Electronic City,3 Bedroom,1200,9000000,Urban,3,7500
Electronic City,2 BHK,910,4000000,Urban,2,4395.604396
Kothanur,3 BHK,1577,7000000,Rural,3,4438.807863
Meenakunte,3 Bedroom,4050,28000000,Rural,3,6913.580247
OMBR Layout,3 BHK,2420,18500000,Rural,3,7644.628099
Chandapura,2 BHK,800,2000000,Rural,2,2500
Anand Nagar,2 BHK,1060,5500000,Rural,2,5188.679245
7th Phase JP Nagar,2 BHK,1270,9300000,Urban,2,7322.834646
Shree Ananth Nagar Layout,2 BHK,900,2250000,Rural,2,2500
Kundalahalli Colony,2 Bedroom,1280,6900000,Rural,2,5390.625
Horamavu Agara,4 Bedroom,1200,9500000,Rural,4,7916.666667
Sarjapur  Road,2 BHK,1025,3600000,Urban,2,3512.195122
Electronic City,2 BHK,1108,6300000,Urban,2,5685.920578
MCECHS  layout,5 Bedroom,1200,17000000,Rural,5,14166.66667
Coffee Board Layout,3 BHK,3045,17000000,Rural,3,5582.922824
Ambedkar Nagar,4 Bedroom,2900,30000000,Rural,4,10344.82759
Vijayanagar,3 BHK,1500,7550000,Urban,3,5033.333333
Raja Rajeshwari Nagar,2 BHK,1295,4390000,Urban,2,3389.96139
Budigere,2 BHK,1162,5990000,Rural,2,5154.905336
Sarjapur  Road,2 BHK,1035,4920000,Urban,2,4753.623188
Attibele,4 Bedroom,1600,5280000,Urban,4,3300
KUDLU MAIN ROAD,3 BHK,1464,4600000,Urban,3,3142.076503
Hennur Road,3 BHK,1866,6158000,Rural,3,3300.107181
Geleyara Balaga Layout,2 BHK,700,2600000,Rural,2,3714.285714
Kalena Agrahara,3 BHK,1804,12000000,Rural,3,6651.884701
Sarjapur,2 BHK,913,3200000,Urban,2,3504.928806
Talaghattapura,3 BHK,1868,13100000,Rural,3,7012.847966
Kengeri Satellite Town,2 BHK,883,4500000,Urban,2,5096.262741
Sundara Nagar,2 Bedroom,900,11000000,Rural,2,12222.22222
Kogilu,3 BHK,1664,7395000,Rural,3,4444.110577
Hegde Nagar,3 BHK,2026,13200000,Rural,3,6515.301086
Balagere,2 BHK,1210,8090000,Rural,2,6685.950413
Meenakunte,4 Bedroom,4111,25000000,Rural,4,6081.245439
Kadugodi,3 BHK,1762,9145000,Rural,3,5190.124858
Jigani,3 BHK,1252,5500000,Rural,3,4392.971246
Gollarapalya Hosahalli,2 BHK,861,3450000,Rural,2,4006.968641
7th Phase JP Nagar,3 BHK,1420,10000000,Urban,3,7042.253521
Srirampura,6 Bedroom,1450,25000000,Rural,6,17241.37931
Electronics City Phase 1,3 BHK,1490,7880000,Rural,3,5288.590604
Bisuvanahalli,3 BHK,1075,4600000,Rural,3,4279.069767
Old Madras Road,3 BHK,1425,9400000,Rural,3,6596.491228
Kalena Agrahara,2 BHK,1200,4000000,Rural,2,3333.333333
Kaggadasapura,3 BHK,1280,5600000,Urban,3,4375
Silver Springs Layout,2 BHK,1084,5000000,Rural,2,4612.546125
Chandapura,2 BHK,1015,2588000,Rural,2,2549.753695
Kanakpura Road,2 BHK,1017,5125000,Urban,2,5039.331367
Haralur Road,2 BHK,1027,4400000,Rural,2,4284.323272
Electronic City Phase II,2 BHK,1069,4500000,Urban,2,4209.541628
Hebbal,2 BHK,1349,9820000,Urban,2,7279.466271
9th Phase JP Nagar,2 BHK,1005,5000000,Urban,2,4975.124378
Jakkur,2 BHK,1417,7500000,Rural,2,5292.872265
TC Palaya,3 Bedroom,1475,9800000,Rural,3,6644.067797
Maruthi Sevanagar,2 BHK,950,4700000,Rural,2,4947.368421
RMV 2nd Stage,4 BHK,2000,12000000,Rural,4,6000
Giri Nagar,3 Bedroom,880,14000000,Rural,3,15909.09091
Giri Nagar,3 Bedroom,880,14000000,Urban,3,15909.09091
Sarjapur  Road,4 BHK,1863,10400000,Urban,4,5582.393988
Singasandra,2 BHK,1010,2950000,Urban,2,2920.792079
Kalena Agrahara,3 BHK,1425,7000000,Urban,3,4912.280702
Vijayanagar,3 BHK,1450,10000000,Urban,3,6896.551724
Kothanur,3 BHK,1847,10500000,Urban,3,5684.894423
AECS Layout,2 BHK,1100,4500000,Urban,2,4090.909091
Kanakpura Road,1 BHK,525,2600000,Urban,1,4952.380952
Mallasandra,3 BHK,1665,9500000,Urban,3,5705.705706
Begur,4 BHK,1664,6500000,Urban,4,3906.25
JP Nagar,3 BHK,1850,15000000,Urban,3,8108.108108
Panathur,2 BHK,1438,10000000,Urban,2,6954.102921
Sunder Ram Shetty Nagar,3 BHK,1560,11500000,Urban,3,7371.794872
Yelahanka,2 BHK,1350,5555000,Urban,2,4114.814815
Kanakpura Road,3 BHK,1550,6700000,Urban,3,4322.580645
Malleshpalya,2 BHK,1140,4650000,Urban,2,4078.947368
Srirampura,5 Bedroom,1200,18000000,Urban,5,15000
Kodathi,2 BHK,850,2700000,Urban,2,3176.470588
Whitefield,2 BHK,1280,7500000,Urban,2,5859.375
Munnekollal,2 BHK,1170,5200000,Urban,2,4444.444444
Motappa Layout,2 BHK,1113,5100000,Urban,2,4582.210243
Hennur Road,2 BHK,1385,8309000,Urban,2,5999.277978
Electronic City,2 BHK,1128,6500000,Urban,2,5762.411348
Marathahalli,2 Bedroom,1200,12800000,Urban,2,10666.66667
Akshaya Vana,4 Bedroom,1200,16500000,Urban,4,13750
Rajaji Nagar,3 BHK,2390,41500000,Urban,3,17364.01674
Giri Nagar,4 Bedroom,2400,40000000,Urban,4,16666.66667
Haralur Road,3 BHK,1464,5600000,Urban,3,3825.136612
Manayata Tech Park,2 BHK,1200,5500000,Urban,2,4583.333333
Kaval Byrasandra,2 BHK,1200,5200000,Urban,2,4333.333333
Kaggalipura,3 BHK,1150,5500000,Urban,3,4782.608696
Basavanna Nagar,3 BHK,1645,9500000,Urban,3,5775.075988
Sarjapur  Road,2 BHK,1000,6700000,Urban,2,6700
Haralur Road,4 Bedroom,2650,19800000,Urban,4,7471.698113
6th Phase JP Nagar,2 BHK,1192,7400000,Urban,2,6208.053691
Ulsoor,3 BHK,2135,21500000,Urban,3,10070.25761
Whitefield,2 BHK,1173,5800000,Urban,2,4944.58653
Uttarahalli,2 BHK,1020,4500000,Urban,2,4411.764706
Thigalarapalya,4 BHK,3122,23000000,Urban,4,7367.072389
Somasundara Palya,3 BHK,1600,6400000,Urban,3,4000
T.C PALYA,2 Bedroom,1200,7900000,Urban,2,6583.333333
Muneshwara Nagar,2 BHK,1230,4800000,Urban,2,3902.439024
 Devarachikkanahalli,2 BHK,1250,4000000,Urban,2,3200
Kalena Agrahara,2 BHK,1325,7600000,Urban,2,5735.849057
7th Phase JP Nagar,3 BHK,1850,15000000,Urban,3,8108.108108
Kanakpura Road,1 BHK,525,2153000,Urban,1,4100.952381
Basaveshwara Nagar,2 BHK,1200,6500000,Urban,2,5416.666667
Bull Temple Road,3 Bedroom,1350,14000000,Urban,3,10370.37037
Bommasandra,3 BHK,1260,4936000,Urban,3,3917.460317
Prashanth Nagar,3 BHK,1800,15000000,Urban,3,8333.333333
Suragajakkanahalli,3 Bedroom,11,7400000,Urban,3,672727.2727
Ardendale,2 BHK,1100,4325000,Urban,2,3931.818182
Harlur,2 BHK,1508,7700000,Urban,2,5106.100796
Sampigehalli,3 BHK,1592,7500000,Urban,3,4711.055276
Akshaya Nagar,2 BHK,1388,5700000,Urban,2,4106.628242
Electronic City Phase II,1 BHK,630,2835000,Urban,1,4500
RMV,3 Bedroom,2000,36500000,Urban,3,18250
Banashankari3rd stage bigbazar,3 BHK,1762,12500000,Urban,3,7094.211124
Bagalur Main Road,2 BHK,950,5000000,Urban,2,5263.157895
Kodihalli,4 BHK,3252,33500000,Urban,4,10301.35301
Magadi Road,2 BHK,1116,5000000,Urban,2,4480.286738
Narayanapura,2 BHK,1308,8904000,Urban,2,6807.33945
MS Pallya,3 BHK,1200,9000000,Urban,3,7500
Binny Mills Employees Colony,4 Bedroom,1500,23000000,Urban,4,15333.33333
Bannerghatta Road,1 BHK,500,1850000,Urban,1,3700
Hennur,2 BHK,1075,5200000,Urban,2,4837.209302
Chandapura,1 BHK,530,1166000,Urban,1,2200
Bellandur,2 BHK,1205,6600000,Urban,2,5477.178423
5th Phase JP Nagar,2 BHK,1075,6000000,Urban,2,5581.395349
KR Puram,2 BHK,930,3900000,Urban,2,4193.548387
Balagere,2 BHK,1380,6000000,Urban,2,4347.826087
Hebbal,4 BHK,2483,21200000,Urban,4,8538.0588
Kodigehaali,2 BHK,1166,5500000,Urban,2,4716.981132
Bannerghatta Road,2 BHK,1050,6500000,Urban,2,6190.47619
Gopalapura,3 BHK,2023.71,27500000,Urban,3,13588.90355
Begur Road,2 BHK,1200,4680000,Urban,2,3900
Lakshminarayana Pura,3 BHK,1600,10800000,Urban,3,6750
Billekahalli,3 BHK,1935,11000000,Urban,3,5684.754522
8th Phase JP Nagar,1 BHK,451,2990000,Urban,1,6629.711752
Electronic City,3 BHK,1800,9500000,Urban,3,5277.777778
Jalahalli,3 BHK,1400,7700000,Urban,3,5500
Hegde Nagar,3 BHK,1801,11500000,Urban,3,6385.341477
Mahadevpura,2 BHK,1451,9000000,Urban,2,6202.618884
Anekal,2 Bedroom,1200,3600000,Urban,2,3000
Begur Road,2 BHK,1160,4400000,Urban,2,3793.103448
Kengeri,2 BHK,1000,2500000,Urban,2,2500
Kanakpura Road,2 BHK,950,4000000,Urban,2,4210.526316
"Hoodi Circle, ",3 BHK,1629,7900000,Urban,3,4849.600982
Vijayanagar,3 BHK,1580,13400000,Urban,3,8481.012658
Vijayanagar,3 BHK,1826,12100000,Urban,3,6626.506024
7th Phase JP Nagar,2 BHK,1245,9400000,Urban,2,7550.200803
Raja Rajeshwari Nagar,2 BHK,1145,4579000,Urban,2,3999.126638
Sompura,2 BHK,825,3300000,Urban,2,4000
Yeshwanthpur,3 BHK,1693,10800000,Urban,3,6379.208506
Electronics City Phase 1,2 BHK,1113.27,5300000,Urban,2,4760.749863
Ashirvad Colony,2 BHK,1460,5800000,Urban,2,3972.60274
Doddathoguru,2 BHK,1050,3200000,Urban,2,3047.619048
Dodda Nekkundi,2 BHK,1260,5500000,Urban,2,4365.079365
K N Extension,6 BHK,700,12000000,Urban,6,17142.85714
Hosur Road,2 BHK,1656,12000000,Urban,2,7246.376812
Chandapura,3 BHK,1208,4500000,Urban,3,3725.165563
Whitefield,3 BHK,1910,16100000,Urban,3,8429.319372
Whitefield,4 BHK,3252,23000000,Urban,4,7072.570726
Battarahalli,2 Bedroom,1200,6500000,Urban,2,5416.666667
Gokula Extension,4 BHK,1200,17500000,Urban,4,14583.33333
7th Phase JP Nagar,2 BHK,1175,8200000,Urban,2,6978.723404
Kamakshipalya,2 Bedroom,1000,16500000,Urban,2,16500
Bannerghatta Road,4 Bedroom,1200,12500000,Urban,4,10416.66667
Rajaji Nagar,3 BHK,2390,41000000,Urban,3,17154.81172
Rajaji Nagar,7 BHK,12000,220000000,Urban,7,18333.33333
Sultan Palaya,2 Bedroom,550,6200000,Urban,2,11272.72727
Sanne Amanikere,2 BHK,1185,3800000,Urban,2,3206.751055
Kengeri,2 BHK,750,3800000,Urban,2,5066.666667
Mahalakshmi Layout,6 Bedroom,1200,25000000,Urban,6,20833.33333
Kanakpura Road,3 BHK,1550,6450000,Urban,3,4161.290323
Amco Colony,3 BHK,1760,8800000,Urban,3,5000
Billekahalli,2 BHK,1125,6200000,Urban,2,5511.111111
Nagarbhavi,3 Bedroom,1350,15000000,Urban,3,11111.11111
Anandapura,2 Bedroom,1000,5500000,Urban,2,5500
Bommasandra Industrial Area,2 BHK,1090,3148000,Urban,2,2888.073394
TC Palaya,2 Bedroom,1200,6000000,Urban,2,5000
Budigere,3 BHK,1991,10300000,Urban,3,5173.279759
Bommasandra,2 BHK,1060,2650000,Urban,2,2500
Ambalipura,2 BHK,1105,7500000,Urban,2,6787.330317
Hoodi,2 BHK,985,6700000,Urban,2,6802.030457
Chandapura,6 Bedroom,1533,8500000,Urban,6,5544.683627
Balagere,3 BHK,1590,7900000,Urban,3,4968.553459
CV Raman Nagar,2 BHK,1120,5500000,Urban,2,4910.714286
Samethanahalli,2 BHK,1069,5500000,Urban,2,5144.995323
Marathahalli,3 BHK,1933,14000000,Urban,3,7242.628039
Hosur Road,2 BHK,1194,6900000,Urban,2,5778.894472
Brookefield,2 BHK,1150,6900000,Urban,2,6000
Yelenahalli,2 BHK,1240,4712000,Urban,2,3800
Raja Rajeshwari Nagar,2 BHK,1419,4810000,Urban,2,3389.711064
7th Phase JP Nagar,8 Bedroom,1200,25000000,Urban,8,20833.33333
Richmond Town,3 BHK,2150,24000000,Urban,3,11162.7907
Suddaguntepalya,3 BHK,1450,5500000,Urban,3,3793.103448
Udayapur Village,3 BHK,1630,6829000,Urban,3,4189.570552
Dasanapura,2 BHK,708,4000000,Urban,2,5649.717514
Kasavanhalli,3 Bedroom,1000,11000000,Urban,3,11000
Whitefield,4 Bedroom,11890,70000000,Urban,4,5887.300252
Bellandur,2 BHK,1250,7600000,Urban,2,6080
7th Phase JP Nagar,3 BHK,1400,9500000,Urban,3,6785.714286
Sarjapur  Road,3 BHK,1670,5700000,Urban,3,3413.173653
Ardendale,3 BHK,1750,10000000,Urban,3,5714.285714
Vittasandra,2 BHK,1404,7100000,Urban,2,5056.980057
Hoodi,3 BHK,1715,9500000,Urban,3,5539.358601
Electronic City,1 BHK,630,3465000,Urban,1,5500
Harlur,3 BHK,1752.12,13500000,Urban,3,7704.951716
Hulimavu,3 BHK,1650,7800000,Urban,3,4727.272727
Raja Rajeshwari Nagar,2 BHK,1295,5547000,Urban,2,4283.397683
Giri Nagar,3 Bedroom,1800,25200000,Urban,3,14000
Sarjapur  Road,2 BHK,1346,7403000,Urban,2,5500
Thippasandra,4 Bedroom,1200,20000000,Urban,4,16666.66667
Hormavu,2 BHK,1150,5500000,Urban,2,4782.608696
Chikkabidarakallu,4 Bedroom,3309,32500000,Urban,4,9821.698398
Chandapura,3 BHK,1190,3035000,Urban,3,2550.420168
AECS Layout,3 BHK,1620,9800000,Urban,3,6049.382716
Marathahalli,2 BHK,950,4696000,Urban,2,4943.157895
1 Giri Nagar,11 BHK,5000,36000000,Urban,11,7200
Harlur,3 BHK,2450,12000000,Urban,3,4897.959184
Electronic City Phase II,3 BHK,1220,3523000,Urban,3,2887.704918
Hoysalanagar,2 BHK,850,3000000,Urban,2,3529.411765
Padmanabhanagar,2 BHK,1020,6300000,Urban,2,6176.470588
Chikkalasandra,2 BHK,1100,5000000,Urban,2,4545.454545
Defence Colony,2 BHK,1150,12600000,Urban,2,10956.52174
Hebbal,3 BHK,1760,13000000,Urban,3,7386.363636
Ambalipura,3 BHK,1800,11000000,Urban,3,6111.111111
Akshaya Nagar,2 BHK,1070,5400000,Urban,2,5046.728972
2nd Stage Nagarbhavi,4 Bedroom,1500,22000000,Urban,4,14666.66667
Vidyaranyapura,2 Bedroom,1440,9500000,Urban,2,6597.222222
Amruthahalli,2 BHK,900,4000000,Urban,2,4444.444444
ITI Employees Layout,4 BHK,1200,23000000,Urban,4,19166.66667
Whitefield,2 BHK,1130,4216000,Urban,2,3730.973451
Koramangala,2 BHK,1320,16500000,Urban,2,12500
Kodigehalli,2 BHK,1270,9800000,Urban,2,7716.535433
Patelappa Layout,2 BHK,1200,6200000,Urban,2,5166.666667
Ring Road Nagarbhavi,4 BHK,4800,23500000,Urban,4,4895.833333
NS Palya,2 BHK,1200,7400000,Urban,2,6166.666667
Subramanyapura,2 BHK,929,5017000,Urban,2,5400.430571
RMV 2nd Stage,4 BHK,1150,26000000,Urban,4,22608.69565
Basavangudi,4 Bedroom,1125,18000000,Urban,4,16000
Kenchenahalli,5 Bedroom,500,6500000,Urban,5,13000
3rd Block Hrbr Layout,5 Bedroom,1200,19000000,Urban,5,15833.33333
KUDLU MAIN ROAD,3 BHK,1464,5600000,Urban,3,3825.136612
7th Phase JP Nagar,4 BHK,3600,40000000,Urban,4,11111.11111
Bank Avenue,4 Bedroom,2000,9900000,Urban,4,4950
Chikkalasandra,2 BHK,1208,4900000,Urban,2,4056.291391
Hebbal Kempapura,2 BHK,1130,6000000,Urban,2,5309.734513
Surabhi Layout,3 BHK,1753,12000000,Urban,3,6845.407872
Old Madras Road,5 BHK,4500,33700000,Urban,5,7488.888889
Banjara Layout,3 Bedroom,600,5800000,Urban,3,9666.666667
Hoodi,2 BHK,1196,9442000,Urban,2,7894.648829
5th Phase JP Nagar,2 BHK,1150,5250000,Urban,2,4565.217391
Electronic City,2 BHK,1128,6300000,Urban,2,5585.106383
Omkar Nagar,2 BHK,1000,5300000,Urban,2,5300
Yelahanka,2 BHK,1035,4500000,Urban,2,4347.826087
Kereguddadahalli,2 BHK,950,3200000,Urban,2,3368.421053
Bisuvanahalli,3 BHK,1075,3600000,Urban,3,3348.837209
Whitefield,2 BHK,1040,4850000,Urban,2,4663.461538
Maragondanahalli,2 Bedroom,720,4500000,Urban,2,6250
Lingadheeranahalli,3 BHK,1511,9500000,Urban,3,6287.227002
Silk Board,3 BHK,1300,5800000,Urban,3,4461.538462
Hoodi,3 BHK,1545,6875000,Urban,3,4449.838188
Shampura,1 BHK,375,2600000,Urban,1,6933.333333
Vidyaranyapura,2 BHK,1062,3800000,Urban,2,3578.154426
Kada Agrahara,2 BHK,1115,4000000,Urban,2,3587.443946
JP Nagar,2 BHK,1000,3500000,Urban,2,3500
Kambipura,2 BHK,883,4500000,Urban,2,5096.262741
Sarjapur  Road,2 BHK,1195,7000000,Urban,2,5857.740586
BHEL Layout,4 Bedroom,1200,16500000,Urban,4,13750
Medahalli,1 Bedroom,700,4100000,Urban,1,5857.142857
Vittasandra,2 BHK,1246,6700000,Urban,2,5377.207063
8th Phase JP Nagar,4 Bedroom,660,9000000,Urban,4,13636.36364
Banashankari Stage III,4 Bedroom,8500,14500000,Urban,4,1705.882353
Kashi Nagar,4 BHK,1600,8000000,Urban,4,5000
Haralur Road,4 BHK,2805,15400000,Urban,4,5490.196078
Begur Road,3 BHK,1584,6500000,Urban,3,4103.535354
Sector 7 HSR Layout,4 Bedroom,3000,27500000,Urban,4,9166.666667
Hosur Road,3 BHK,1175,4800000,Urban,3,4085.106383
"Yemlur, Old Airport Road, ",3 BHK,1595,11500000,Urban,3,7210.031348
VHBCS Layout,2 BHK,1353,11000000,Urban,2,8130.081301
Electronic City,3 BHK,1599,12500000,Urban,3,7817.385866
Whitefield,2 BHK,1150,7000000,Urban,2,6086.956522
Jakkur,4 BHK,5230,46500000,Urban,4,8891.013384
KR Puram,2 BHK,1155,4274000,Urban,2,3700.4329
Ittamadu,1 BHK,1200,8500000,Urban,1,7083.333333
Electronic City Phase II,2 BHK,1000,2500000,Urban,2,2500
Thanisandra,4 BHK,3000,12000000,Urban,4,4000
Rajiv Nagar,3 BHK,1867,16000000,Urban,3,8569.898232
Ramagondanahalli,2 BHK,1251,4700000,Urban,2,3756.994404
Gattahalli,2 BHK,1028,4550000,Urban,2,4426.070039
Arekere,2 BHK,1222,4500000,Urban,2,3682.487725
Bannerghatta Road,3 BHK,1170,6600000,Urban,3,5641.025641
Hebbal,3 BHK,2400,24500000,Urban,3,10208.33333
Ramanjaneyanagar,3 BHK,1385,4848000,Urban,3,3500.361011
HSR Layout,2 BHK,1372,6800000,Urban,2,4956.268222
Magadi Road,3 BHK,1282,4900000,Urban,3,3822.152886
Mico Layout,9 BHK,5000,21000000,Urban,9,4200
7th Block Jayanagar,5 Bedroom,3000,52800000,Urban,5,17600
Kanakpura Road,2 BHK,1135,3973000,Urban,2,3500.440529
Whitefield,3 BHK,1768,10100000,Urban,3,5712.669683
Byatarayanapura,3 BHK,1325,9000000,Urban,3,6792.45283
Electronic City,3 BHK,1599,9900000,Urban,3,6191.369606
Whitefield,3 Bedroom,1500,6195000,Urban,3,4130
2nd Phase JP Nagar,3 Bedroom,2610,49900000,Urban,3,19118.77395
Uttarahalli,2 BHK,1286,6300000,Urban,2,4898.911353
Kammanahalli,5 BHK,2845,14000000,Urban,5,4920.913884
K G Colony,3 BHK,1600,5000000,Urban,3,3125
Hennur Road,2 BHK,1317.5,6377000,Urban,2,4840.227704
Hebbal,3 BHK,3450,26000000,Urban,3,7536.231884
Munnekollal,2 BHK,1102,5367000,Urban,2,4870.235935
Yelahanka,2 BHK,1350,5400000,Urban,2,4000
Banashankari,3 BHK,1200,4200000,Urban,3,3500
Hosa Road,6 Bedroom,1300,14500000,Urban,6,11153.84615
Herohalli,2 Bedroom,1800,8000000,Urban,2,4444.444444
Chikkabanavar,2 BHK,950,4000000,Urban,2,4210.526316
Kanakpura Road,1 BHK,525,2725000,Urban,1,5190.47619
Attibele,2 BHK,656,2500000,Urban,2,3810.97561
Marathahalli,4 Bedroom,1780,17500000,Urban,4,9831.460674
3rd Block Hrbr Layout,2 BHK,1056,8000000,Urban,2,7575.757576
Bannerghatta Road,1 BHK,595,3332000,Urban,1,5600
Ittamadu,2 BHK,1080,5000000,Urban,2,4629.62963
7th Phase JP Nagar,3 BHK,2225,16000000,Urban,3,7191.011236
Bommasandra,2 BHK,1126,2815000,Urban,2,2500
Electronics City Phase 1,3 BHK,1490,8400000,Urban,3,5637.583893
HRBR Layout,4 Bedroom,2000,30000000,Urban,4,15000
Sarjapur  Road,3 BHK,1550,10000000,Urban,3,6451.612903
Ashwini layout,2 BHK,1160,5500000,Urban,2,4741.37931
Whitefield,4 Bedroom,4144,31500000,Rural,4,7601.351351
Sarjapur  Road,3 BHK,2100,12500000,Urban,3,5952.380952
Vittasandra,2 BHK,1404,6930000,Rural,2,4935.897436
Sarjapur  Road,4 Bedroom,2230,22500000,Urban,4,10089.6861
Marathalli bridge,3 BHK,1544,12000000,Urban,3,7772.020725
Banashankari Stage III,3 BHK,1305,5870000,Rural,3,4498.084291
Marathahalli,2 BHK,1230,8000000,Urban,2,6504.065041
T.C PALYA,2 Bedroom,1200,6500000,Rural,2,5416.666667
Harlur,3 BHK,1460,7300000,Rural,3,5000
Gottigere,2 BHK,967,4500000,Rural,2,4653.567735
Byatarayanapura,1 Bedroom,540,3600000,Urban,1,6666.666667
Hormavu,1 BHK,715,4600000,Rural,1,6433.566434
Whitefield,3 BHK,2500,31300000,Rural,3,12520
Dooravani Nagar,3 BHK,1578,18000000,Urban,3,11406.84411
Mysore Road,2 BHK,1020,4895000,Urban,2,4799.019608
Jigani,2 BHK,1020,4000000,Rural,2,3921.568627
Koramangala,2 BHK,1253,10200000,Rural,2,8140.462889
JCR Layout,2 BHK,1180,4200000,Urban,2,3559.322034
Nehru Nagar,2 BHK,961,3800000,Urban,2,3954.21436
Kanakapura,3 BHK,1419,7500000,Urban,3,5285.412262
Harlur,3 BHK,1709,15000000,Rural,3,8777.06261
Papareddipalya,2 Bedroom,1600,11500000,Rural,2,7187.5
Venkatapura,1 BHK,416,1850000,Urban,1,4447.115385
Sanjay nagar,2 BHK,1100,9800000,Urban,2,8909.090909
HSR Layout,3 BHK,1430,6500000,Urban,3,4545.454545
Sneha Colony,2 BHK,1260,4500000,Urban,2,3571.428571
RMV Extension,3 BHK,1630,8500000,Urban,3,5214.723926
Sarjapur  Road,3 BHK,1249,4471000,Urban,3,3579.663731
Kalena Agrahara,3 BHK,1450,8500000,Urban,3,5862.068966
Konanakunte,3 BHK,2791,22300000,Rural,3,7989.967753
Hosapalya,1 BHK,600,9000000,Rural,1,15000
Ashwini layout,1 BHK,834,6000000,Urban,1,7194.244604
Doddagubbi,3 Bedroom,1125,7000000,Rural,3,6222.222222
Arekere,3 BHK,2060,14000000,Rural,3,6796.116505
Malleshwaram,7 BHK,12000,220000000,Rural,7,18333.33333
Gottigere,2 BHK,891,2500000,Rural,2,2805.836139
Raja Rajeshwari Nagar,2 BHK,1133,4907000,Urban,2,4330.9797
Bisuvanahalli,3 BHK,1075,3700000,Urban,3,3441.860465
Sector 6 HSR Layout,4 BHK,3000,26000000,Urban,4,8666.666667
Brookefield,4 Bedroom,2440,42500000,Rural,4,17418.03279
Vidyaranyapura,2 BHK,1200,5500000,Urban,2,4583.333333
Thanisandra,2 BHK,1075,4580000,Rural,2,4260.465116
Kaggadasapura,2 BHK,1140,4000000,Urban,2,3508.77193
Margondanahalli,5 Bedroom,940,15000000,Urban,5,15957.44681
ITI Layout,6 Bedroom,2160,25000000,Urban,6,11574.07407
Raja Rajeshwari Nagar,2 BHK,1090,4200000,Urban,2,3853.211009
R.T. Nagar,4 Bedroom,1500,7000000,Urban,4,4666.666667
Whitefield,4 BHK,4104,36000000,Rural,4,8771.929825
Whitefield,3 BHK,1790,10000000,Rural,3,5586.592179
Hebbal,3 BHK,1920,13400000,Rural,3,6979.166667
HRBR Layout,2 BHK,1374,9500000,Urban,2,6914.11936
Bannerghatta Road,3 BHK,1445,9500000,Urban,3,6574.394464
Kanakapura,1 BHK,711,3600000,Urban,1,5063.291139
Tumkur Road,3 BHK,1500,9500000,Urban,3,6333.333333
Whitefield,3 BHK,1720,10000000,Rural,3,5813.953488
Vasanthapura,3 BHK,1400,6000000,Urban,3,4285.714286
Kundalahalli,2 BHK,1030,4900000,Urban,2,4757.281553
Mysore Road,2 BHK,1200,8500000,Urban,2,7083.333333
Hosahalli,3 BHK,1375,7000000,Urban,3,5090.909091
Hegde Nagar,2 Bedroom,1050,5600000,Urban,2,5333.333333
Jalahalli,3 BHK,2250,16000000,Urban,3,7111.111111
Bellandur,2 BHK,1000,5000000,Rural,2,5000
Jalahalli West,1 BHK,469,2500000,Urban,1,5330.490405
Marathahalli,4 BHK,3800,25000000,Urban,4,6578.947368
Kambipura,2 BHK,883,2900000,Urban,2,3284.258211
GM Palaya,3 BHK,1820,8600000,Rural,3,4725.274725
Singasandra,3 BHK,1440,6500000,Rural,3,4513.888889
near Ramanashree California resort,6 BHK,3600,16000000,Rural,6,4444.444444
Malleshwaram,4 BHK,2500,32500000,Rural,4,13000
Mahadevpura,2 BHK,1225,4800000,Urban,2,3918.367347
"6th block banashankari 3rd stage, 100 feet ORR",3 Bedroom,4000,66000000,Rural,3,16500
Chikkalasandra,2 BHK,875,5280000,Rural,2,6034.285714
Jalahalli East,1 BHK,750,4000000,Urban,1,5333.333333
6th Phase JP Nagar,2 BHK,1180,8000000,Urban,2,6779.661017
Haralur Road,2 BHK,1194,4700000,Urban,2,3936.348409
Hennur Road,3 BHK,1500,6200000,Urban,3,4133.333333
Poornapragna Housing Society Layout,2 BHK,1160,5220000,Urban,2,4500
Hosakerehalli,3 BHK,2378,26200000,Urban,3,11017.6619
Sarjapur,2 BHK,1128,6000000,Rural,2,5319.148936
Hebbal,3 BHK,1500,15000000,Rural,3,10000
Huskur,3 BHK,1220,3523000,Rural,3,2887.704918
Sarjapur  Road,2 BHK,1210,5800000,Urban,2,4793.38843
Kanakpura Road,3 BHK,1100,5800000,Urban,3,5272.727273
Bommasandra,3 BHK,1200,4600000,Rural,3,3833.333333
Haralur Road,4 BHK,3385,26000000,Urban,4,7680.945347
Nagondanahalli,3 BHK,1641,6600000,Urban,3,4021.937843
Horamavu Agara,2 BHK,1200,4500000,Rural,2,3750
Raja Rajeshwari Nagar,2 BHK,1260,6739000,Urban,2,5348.412698
Mahadevpura,3 BHK,1720,7800000,Urban,3,4534.883721
Yelahanka,2 BHK,1132.5,4813000,Rural,2,4249.889625
Yelahanka,2 BHK,1210,4598000,Rural,2,3800
Indira Nagar,4 Bedroom,2200,20000000,Urban,4,9090.909091
Bisuvanahalli,3 BHK,1075,4500000,Urban,3,4186.046512
Thanisandra,3 BHK,1702,13000000,Rural,3,7638.072855
Shanthala Nagar,2 BHK,1630,20000000,Urban,2,12269.93865
Raja Rajeshwari Nagar,2 BHK,1141,3855000,Urban,2,3378.61525
Shantiniketan Layout,3 BHK,2072,10800000,Urban,3,5212.355212
JP Nagar,5 BHK,5520,37500000,Urban,5,6793.478261
Herohalli,3 Bedroom,1200,7000000,Urban,3,5833.333333
Teachers Colony,3 BHK,1350,7700000,Urban,3,5703.703704
Bettahalsoor,4 Bedroom,4046,44500000,Rural,4,10998.51705
Srinivasa Nagar,3 BHK,1180,7834000,Urban,3,6638.983051
Yelahanka,3 BHK,35000,13000000,Rural,3,371.4285714
Langford Town,2 BHK,1355,11500000,Urban,2,8487.084871
Sulthangunta,1 Bedroom,600,5000000,Rural,1,8333.333333
Hormavu,7 Bedroom,1200,15000000,Rural,7,12500
Bannerghatta Road,3 BHK,1640,12000000,Urban,3,7317.073171
Byrathi Village,5 Bedroom,1200,10000000,Rural,5,8333.333333
Kodichikkanahalli,3 BHK,1190,5700000,Urban,3,4789.915966
OMBR Layout,4 Bedroom,2400,37500000,Urban,4,15625
Marathahalli,2 BHK,1019,4985000,Urban,2,4892.05103
Ambedkar Colony,3 BHK,1875,16500000,Urban,3,8800
Akshaya Nagar,3 BHK,1250,4000000,Urban,3,3200
Brookefield,3 Bedroom,1200,14000000,Rural,3,11666.66667
Whitefield,2 BHK,1140,5600000,Rural,2,4912.280702
Lingadheeranahalli,3 BHK,1683,10900000,Urban,3,6476.530006
Kaggadasapura,3 BHK,1515,8330000,Urban,3,5498.349835
Hoodi,4 BHK,2118,11100000,Rural,4,5240.793201
Bannerghatta Road,4 Bedroom,1380,5800000,Urban,4,4202.898551
Varthur Road,2 BHK,1083,6175000,Urban,2,5701.754386
Anjappa Layout,2 Bedroom,600,5500000,Urban,2,9166.666667
Avalahalli,3 BHK,2300,12000000,Urban,3,5217.391304
Prakruthi Nagar,2 BHK,1240,6000000,Urban,2,4838.709677
Surabhi Layout,3 BHK,1750,12000000,Urban,3,6857.142857
Sadaramangala,2 BHK,1230,4348000,Rural,2,3534.95935
Anjanapura,3 Bedroom,1500,13900000,Urban,3,9266.666667
Abbigere,2 BHK,985,4039000,Rural,2,4100.507614
Tindlu,3 Bedroom,1500,8700000,Rural,3,5800
Electronic City,2 BHK,1125,3249000,Rural,2,2888
Maruthi Sevanagar,2 BHK,950,4400000,Urban,2,4631.578947
JP Nagar,5 BHK,5600,54850000,Urban,5,9794.642857
Kothanur,3 BHK,1580,7600000,Rural,3,4810.126582
B Narayanapura,3 Bedroom,1092,9850000,Urban,3,9020.14652
Electronic City Phase II,2 BHK,1090,2834000,Urban,2,2600
Hennur Road,3 Bedroom,2264,15900000,Urban,3,7022.968198
Dommasandra,3 BHK,1033,2553000,Rural,3,2471.442401
Kammasandra,2 BHK,810,2450000,Rural,2,3024.691358
Green Garden Layout,2 BHK,1045,4500000,Urban,2,4306.220096
Hebbal,2 BHK,1337,8200000,Rural,2,6133.133882
Chandapura,2 BHK,1200,3200000,Urban,2,2666.666667
Koramangala,3 BHK,1580,16000000,Rural,3,10126.58228
Begur Road,3 BHK,1500,5400000,Urban,3,3600
Whitefield,3 BHK,1640,9100000,Rural,3,5548.780488
Silver Springs Layout,3 BHK,1570,6200000,Urban,3,3949.044586
Gubbalala,3 BHK,1470,8200000,Rural,3,5578.231293
Kengeri,2 BHK,1160,4061000,Rural,2,3500.862069
7th Phase JP Nagar,2 BHK,1050,7100000,Urban,2,6761.904762
Dairy Circle,3 BHK,1855,22500000,Rural,3,12129.38005
Bannerghatta Road,3 BHK,1460,9000000,Urban,3,6164.383562
Hulimavu,3 BHK,1823,10000000,Rural,3,5485.463522
Electronic City,2 BHK,1094,4200000,Rural,2,3839.122486
Budigere,2 BHK,1153,5700000,Rural,2,4943.625325
Hoysalanagar,3 BHK,1325,5700000,Urban,3,4301.886792
Parappana Agrahara,4 Bedroom,1200,8500000,Urban,4,7083.333333
Jakkur,3 BHK,1590,12500000,Rural,3,7861.63522
Jeevan bima nagar,5 Bedroom,1210,16000000,Urban,5,13223.1405
Raja Rajeshwari Nagar,4 Bedroom,1200,22000000,Urban,4,18333.33333
Narayana Nagar 1st Block,2 BHK,1202,4800000,Urban,2,3993.344426
Haralur Road,2 BHK,1202,5300000,Urban,2,4409.317804
KSRTC Layout,2 BHK,1200,6250000,Urban,2,5208.333333
Panathur,3 BHK,1688,11800000,Rural,3,6990.521327
Kaval Byrasandra,2 BHK,1020,5200000,Rural,2,5098.039216
Sarjapur,2 BHK,1185,4700000,Rural,2,3966.244726
Ramagondanahalli,2 BHK,1235,5204000,Urban,2,4213.765182
Hosakerehalli,4 BHK,3205,50000000,Urban,4,15600.62402
Banashankari,2 BHK,1077,3764000,Rural,2,3494.893222
Kengeri Satellite Town,3 BHK,1415,6600000,Urban,3,4664.310954
EPIP Zone,3 BHK,2330,16200000,Rural,3,6952.7897
Whitefield,2 BHK,805,3500000,Rural,2,4347.826087
P&T Colony,1 BHK,425,2003000,Urban,1,4712.941176
Whitefield,2 BHK,1155,5995000,Rural,2,5190.47619
Cunningham Road,4 BHK,5270,125000000,Urban,4,23719.16509
Anekal,2 BHK,656,2200000,Rural,2,3353.658537
New Gurappana Palya,2 BHK,1100,4800000,Rural,2,4363.636364
Mahadevpura,2 BHK,1150,5200000,Urban,2,4521.73913
Chelekare,1 Bedroom,600,6000000,Rural,1,10000
Ambedkar Colony,2 BHK,1468,14000000,Urban,2,9536.784741
Palanahalli,4 Bedroom,4300,55000000,Urban,4,12790.69767
Whitefield,3 BHK,2280,12600000,Rural,3,5526.315789
Hegde Nagar,2 BHK,1341,9700000,Urban,2,7233.407905
Jakkur,2 BHK,1279,7700000,Rural,2,6020.328382
Electronic City Phase II,4 BHK,2225,9888000,Urban,4,4444.044944
Thanisandra,2 BHK,1185,4351000,Rural,2,3671.729958
Vadarpalya,3 BHK,1750,8500000,Rural,3,4857.142857
Kudlu,2 BHK,1152,5350000,Rural,2,4644.097222
Shivanagar,5 Bedroom,1000,16000000,Urban,5,16000
Hulimavu,2 BHK,1300,3600000,Rural,2,2769.230769
Varthur Road,4 Bedroom,2760,15500000,Urban,4,5615.942029
5th Phase JP Nagar,2 BHK,1070,3900000,Urban,2,3644.859813
Uttarahalli,2 BHK,1101,4500000,Urban,2,4087.19346
V.V Puram,2 BHK,775,5500000,Urban,2,7096.774194
Yeshwanthpur,1 BHK,667,3685000,Rural,1,5524.737631
Electronic City,2 BHK,1070,5500000,Rural,2,5140.186916
Old Airport Road,3 BHK,1875,11000000,Urban,3,5866.666667
Kundalahalli,2 BHK,735,5799000,Urban,2,7889.795918
Sarjapur,5 Bedroom,4360,9000000,Rural,5,2064.220183
Koramangala,3 BHK,1750,13000000,Rural,3,7428.571429
Marathahalli,2 BHK,1215,6700000,Urban,2,5514.403292
Sector 3 HSR Layout,9 Bedroom,600,19000000,Urban,9,31666.66667
Vishwapriya Layout,2 BHK,820,3000000,Urban,2,3658.536585
Banashankari Stage VI,2 BHK,1177.5,5993500,Rural,2,5090.021231
Battarahalli,3 BHK,1779,8961000,Urban,3,5037.099494
HMT Layout,2 BHK,1105,5800000,Urban,2,5248.868778
Whitefield,3 BHK,1650,6000000,Rural,3,3636.363636
Jalahalli,2 BHK,1694,15000000,Urban,2,8854.781582
Hosakerehalli,3 BHK,2376,20300000,Urban,3,8543.771044
Cox Town,3 BHK,1975,15000000,Urban,3,7594.936709
Kammasandra,2 BHK,674,3300000,Rural,2,4896.142433
Kaggadasapura,2 BHK,1185,4100000,Urban,2,3459.915612
 Thanisandra,1 RK,445,2800000,Rural,1,6292.134831
Mylasandra,6 Bedroom,900,7600000,Rural,6,8444.444444
HSR Layout,3 BHK,1475,7500000,Urban,3,5084.745763
Gottigere,3 BHK,1618,8250000,Rural,3,5098.887515
Koramangala,2 BHK,1120,6500000,Rural,2,5803.571429
Marathahalli,4 BHK,2181,15200000,Urban,4,6969.280147
Vidyaranyapura,4 Bedroom,1200,9000000,Urban,4,7500
Nagondanahalli,6 Bedroom,600,6500000,Urban,6,10833.33333
Bannerghatta Road,3 BHK,1556,5913000,Urban,3,3800.128535
Bannerghatta Road,2 BHK,1179,6602000,Urban,2,5599.660729
Thanisandra,2 BHK,1296,8300000,Rural,2,6404.320988
Kaggadasapura,2 BHK,1275,5200000,Urban,2,4078.431373
Kalasipalya,7 Bedroom,1875,30000000,Rural,7,16000
Kathriguppe,3 BHK,1400,7700000,Rural,3,5500
Gottigere,2 BHK,1222,6300000,Rural,2,5155.482815
Electronic City,2 BHK,940,4100000,Rural,2,4361.702128
Thanisandra,2 BHK,1185,4260000,Rural,2,3594.936709
Tumkur Road,3 BHK,1779,11200000,Urban,3,6295.671726
Begur Road,3 BHK,1615,5976000,Urban,3,3700.309598
JP Nagar,4 BHK,4624.5,45300000,Urban,4,9795.653584
Haralur Road,2 BHK,1056,6100000,Urban,2,5776.515152
7th Phase JP Nagar,2 BHK,1100,4600000,Urban,2,4181.818182
Arekere,2 BHK,920,4000000,Rural,2,4347.826087
ITI Layout,3 BHK,1602,7500000,Urban,3,4681.64794
Padmanabhanagar,2 BHK,1176,6200000,Urban,2,5272.108844
HBR Layout,4 Bedroom,675,5900000,Urban,4,8740.740741
Richmond Town,3 BHK,1352,13500000,Urban,3,9985.207101
Kasavanhalli,3 BHK,1717,9900000,Urban,3,5765.870705
4 Bedroom Farm House in Bagalur,4 Bedroom,10961,8000000,Rural,4,729.8604142
Bhoganhalli,4 BHK,2119,11100000,Urban,4,5238.319962
Vittasandra,2 BHK,1246,6730000,Rural,2,5401.284109
Anandapura,2 BHK,1141,4279000,Urban,2,3750.219106
Hennur Road,2 BHK,1157,8400000,Urban,2,7260.155575
Chandapura,2 BHK,1025,2768000,Urban,2,2700.487805
Yelahanka New Town,1 BHK,650,3300000,Urban,1,5076.923077
Hebbal,2 BHK,1349,9800000,Rural,2,7264.640474
Narayanapura,3 BHK,1566,8330000,Urban,3,5319.284802
Sahakara Nagar,4 BHK,2830,19500000,Urban,4,6890.459364
Electronic City,3 BHK,1320,3813000,Rural,3,2888.636364
manyata park,3 BHK,1780,8483000,Rural,3,4765.730337
Varthur,2 BHK,1091,3490000,Rural,2,3198.900092
Rachenahalli,4 BHK,3670,30000000,Urban,4,8174.386921
7th Phase JP Nagar,2 BHK,918,5049000,Urban,2,5500
Yeshwanthpur,4 BHK,1950,13000000,Rural,4,6666.666667
Panathur,3 BHK,1695,9000000,Rural,3,5309.734513
Yelahanka,3 BHK,1705,9500000,Rural,3,5571.847507
Kalyan nagar,3 BHK,1375,7500000,Urban,3,5454.545455
Kanakpura Road,1 BHK,525,3000000,Urban,1,5714.285714
Whitefield,2 BHK,1447,8300000,Rural,2,5736.005529
Thanisandra,2 BHK,1114,3900000,Rural,2,3500.897666
7th Phase JP Nagar,3 BHK,1450,10000000,Urban,3,6896.551724
Belathur,2 BHK,460,1500000,Rural,2,3260.869565
Vasanthapura,2 BHK,1022,4000000,Urban,2,3913.894325
Hebbal,2 BHK,1000,4500000,Rural,2,4500
Electronic City,2 BHK,1128,6875000,Rural,2,6094.858156
Kanakpura Road,2 BHK,1180,5700000,Urban,2,4830.508475
TC Palaya,6 Bedroom,1000,6900000,Rural,6,6900
Nagarbhavi,2 Bedroom,1200,15000000,Urban,2,12500
Sadashiva Nagar,3 BHK,3761,66000000,Urban,3,17548.52433
Kanakpura Road,2 BHK,1339,7500000,Urban,2,5601.194922
Yelachenahalli,3 BHK,1400,5500000,Urban,3,3928.571429
7th Phase JP Nagar,2 BHK,1040,3952000,Urban,2,3800
Kadugodi,2 BHK,1198,5800000,Rural,2,4841.402337
Shirdi Sai Layout,4 Bedroom,1200,9500000,Urban,4,7916.666667
Sarjapur  Road,3 BHK,1691,11300000,Urban,3,6682.436428
Bisuvanahalli,3 BHK,1075,3600000,Urban,3,3348.837209
1st Block Jayanagar,3 BHK,1630,19400000,Urban,3,11901.84049
8th Phase JP Nagar,3 BHK,1240,4350000,Urban,3,3508.064516
Bannerghatta Road,2 BHK,1122.5,5893500,Urban,2,5250.334076
Mallasandra,3 BHK,1665,8658000,Rural,3,5200
Marathahalli,3 BHK,2489,9400000,Urban,3,3776.617115
Brookefield,2 BHK,1142,7000000,Rural,2,6129.597198
Kodbisanhalli,3 BHK,1976,18400000,Urban,3,9311.740891
Sathya Sai Layout,4 Bedroom,5500,60000000,Urban,4,10909.09091
Kothannur,3 BHK,1853,8200000,Rural,3,4425.256341
Vijayanagar,8 Bedroom,600,7200000,Urban,8,12000
Kasturi Nagar,2 BHK,1567,9200000,Urban,2,5871.091257
Talaghattapura,2 BHK,1090,2724000,Urban,2,2499.082569
Raja Rajeshwari Nagar,6 Bedroom,1200,12500000,Urban,6,10416.66667
Indiranagar HAL 2nd Stage,4 Bedroom,2400,64000000,Urban,4,26666.66667
Electronics City Phase 1,2 BHK,1175,5147000,Urban,2,4380.425532
Subramanyapura,2 BHK,1200,5200000,Urban,2,4333.333333
Kodichikkanahalli,2 BHK,995,4100000,Urban,2,4120.603015
Magadi Road,2 BHK,884,4110000,Urban,2,4649.321267
Vishwanatha Nagenahalli,5 Bedroom,900,8000000,Urban,5,8888.888889
Yeshwanthpur,2 BHK,1170,5700000,Rural,2,4871.794872
KR Puram,2 BHK,1225,4655000,Urban,2,3800
Electronic City,2 BHK,1342,7330000,Rural,2,5461.997019
Uttarahalli,2 BHK,1345,6700000,Urban,2,4981.412639
Kodigehaali,3 BHK,1320,6500000,Rural,3,4924.242424
Raja Rajeshwari Nagar,2 BHK,1140,4939000,Urban,2,4332.45614
Battarahalli,2 BHK,1300,5000000,Urban,2,3846.153846
Hosa Road,3 BHK,1652,8500000,Urban,3,5145.27845
Thigalarapalya,3 BHK,2072,14200000,Rural,3,6853.281853
Arekere,3 BHK,1740,9500000,Rural,3,5459.770115
Electronic City,3 BHK,1360,7100000,Rural,3,5220.588235
Hosur Road,3 BHK,1145,6000000,Urban,3,5240.174672
Uttarahalli,3 BHK,1540,4000000,Urban,3,2597.402597
Sarjapur  Road,2 BHK,1278,9500000,Urban,2,7433.489828
Electronic City Phase II,1 BHK,630,4000000,Urban,1,6349.206349
Kanakpura Road,3 BHK,1100,5800000,Urban,3,5272.727273
Bendiganahalli,3 Bedroom,1200,9500000,Urban,3,7916.666667
Hosakerehalli Layout,7 Bedroom,2500,11500000,Urban,7,4600
Chandapura,1 BHK,582.5,1513500,Urban,1,2598.283262
Chandapura,2 BHK,1015,2588000,Rural,2,2549.753695
Hosur Road,5 Bedroom,3300,24000000,Urban,5,7272.727273
Basaveshwara Nagar,5 Bedroom,4500,41500000,Urban,5,9222.222222
Gunjur,3 BHK,1356,6600000,Urban,3,4867.256637
Hennagara,2 BHK,823,2800000,Rural,2,3402.18712
TC Palaya,3 Bedroom,1200,6600000,Urban,3,5500
Ramamurthy Nagar,2 BHK,1050,3700000,Urban,2,3523.809524
Ferrar Nagar,2 BHK,1180,6900000,Urban,2,5847.457627
Whitefield,2 BHK,1116,5191000,Urban,2,4651.433692
7th Phase JP Nagar,2 BHK,1070,4279000,Urban,2,3999.065421
Varthur,2 BHK,1385,8000000,Urban,2,5776.173285
Varthur,1 Bedroom,1000,7000000,Urban,1,7000
Whitefield,3 BHK,1897,13000000,Urban,3,6852.925672
Magadi Road,2 BHK,1005,5578000,Urban,2,5550.248756
Green Glen Layout,3 BHK,1575,12500000,Urban,3,7936.507937
Subramanyapura,2 BHK,975,6500000,Urban,2,6666.666667
Hennur Road,3 BHK,1904,12000000,Urban,3,6302.521008
Kengeri Satellite Town,1 BHK,930,3000000,Urban,1,3225.806452
Kanakpura Road,1 BHK,525,2600000,Urban,1,4952.380952
BAGUR,1 BHK,686,1700000,Rural,1,2478.134111
Electronic City Phase II,2 Bedroom,2400,15000000,Urban,2,6250
8th block Koramangala,2 Bedroom,1410,23300000,Urban,2,16524.8227
Sarjapur  Road,3 Bedroom,2238,14000000,Urban,3,6255.585344
Harlur,2 BHK,1174,6900000,Urban,2,5877.342419
Thubarahalli,4 Bedroom,3800,23900000,Urban,4,6289.473684
Whitefield,3 BHK,2225,12500000,Urban,3,5617.977528
M.G Road,2 BHK,1250,20000000,Urban,2,16000
Jigani,2 BHK,918,5200000,Rural,2,5664.488017
Mahadevpura,2 BHK,1250,5200000,Urban,2,4160
Sarjapur  Road,3 BHK,1800,11000000,Urban,3,6111.111111
Marathahalli,2 BHK,1170,5300000,Urban,2,4529.91453
Byatarayanapura,1 BHK,1300,20000000,Urban,1,15384.61538
Bannerghatta Road,2 BHK,793,4500000,Urban,2,5674.653216
Jakkur,3 BHK,1710,10700000,Urban,3,6257.309942
Kambipura,3 BHK,1082,5750000,Rural,3,5314.232902
Naganathapura,2 BHK,1001,3303000,Urban,2,3299.7003
Srinivasa Nagar,4 Bedroom,1500,18000000,Urban,4,12000
Yelahanka,3 BHK,1590,5400000,Urban,3,3396.226415
Basavanagara,3 BHK,2400,8000000,Urban,3,3333.333333
Horamavu Banaswadi,3 BHK,1554,5500000,Urban,3,3539.253539
Thanisandra,2 BHK,1142.5,4341500,Urban,2,3800
Bellandur,5 BHK,4239,42300000,Urban,5,9978.768577
Konanakunte,2 Bedroom,884,5800000,Urban,2,6561.085973
Hosa Road,2 BHK,1045,9889000,Urban,2,9463.157895
Marathahalli,2 BHK,1019,4986000,Urban,2,4893.032385
Ambedkar Nagar,3 BHK,1935,13000000,Urban,3,6718.346253
Uttarahalli,3 BHK,1135,3973000,Urban,3,3500.440529
Lakshminarayana Pura,3 BHK,1680,15000000,Urban,3,8928.571429
Hebbal,4 BHK,2470,24700000,Urban,4,10000
1st Phase JP Nagar,4 BHK,2825,25000000,Urban,4,8849.557522
Hosakerehalli,3 BHK,2480,33000000,Urban,3,13306.45161
5th Phase JP Nagar,9 Bedroom,1260,29000000,Urban,9,23015.87302
Ramamurthy Nagar,5 Bedroom,1800,18700000,Urban,5,10388.88889
Kasavanhalli,3 BHK,1799,9000000,Urban,3,5002.779322
Whitefield,4 Bedroom,4348.5,30400000,Urban,4,6990.916408
Attibele,1 BHK,400,1100000,Rural,1,2750
Kundalahalli,2 BHK,1047,8200000,Urban,2,7831.900669
Kaverappa Layout,2 BHK,1282,8700000,Urban,2,6786.271451
NGR Layout,2 BHK,1020,4590000,Urban,2,4500
Kammanahalli,4 Bedroom,1080,15500000,Urban,4,14351.85185
Whitefield,2 BHK,1495,7950000,Urban,2,5317.725753
Kasavanhalli,4 Bedroom,3260,24000000,Urban,4,7361.96319
Divya Unnathi Layout,3 BHK,1611,6444000,Urban,3,4000
Koramangala,4 BHK,3500,42500000,Urban,4,12142.85714
Vasantha Vallabha Nagar,3 Bedroom,1500,9500000,Urban,3,6333.333333
Sahakara Nagar,3 BHK,1500,9500000,Urban,3,6333.333333
Yelahanka,4 Bedroom,3206,27000000,Urban,4,8421.709295
Uttarahalli,3 BHK,1540,5000000,Urban,3,3246.753247
Hosa Road,3 BHK,1639,8000000,Urban,3,4881.025015
Marathahalli,4 Bedroom,700,7200000,Urban,4,10285.71429
Raja Rajeshwari Nagar,2 BHK,1303,5579000,Urban,2,4281.657713
Koramangala,2 BHK,1005,11000000,Urban,2,10945.27363
Kammasandra,1 BHK,657.5,1841000,Rural,1,2800
Chandapura,3 BHK,1305,3328000,Rural,3,2550.191571
Kothannur,3 Bedroom,600,9500000,Urban,3,15833.33333
sapthagiri Layout,2 BHK,1300,11500000,Urban,2,8846.153846
Brookefield,3 BHK,1440,6800000,Urban,3,4722.222222
Seegehalli,2 BHK,901,3514000,Urban,2,3900.110988
Rajaji Nagar,3 BHK,1725,20000000,Urban,3,11594.2029
Sarjapur,3 BHK,900,4200000,Urban,3,4666.666667
BEML Layout,2 BHK,1060,5500000,Urban,2,5188.679245
NGR Layout,2 BHK,1020,4845000,Urban,2,4750
Varthur,3 BHK,1535,6599000,Urban,3,4299.022801
Alur,1 BHK,530,2000000,Rural,1,3773.584906
Haralur Road,3 BHK,1464,5600000,Urban,3,3825.136612
Devarabisanahalli,2 BHK,1350,8000000,Urban,2,5925.925926
Sarjapur  Road,2 BHK,1115,5000000,Urban,2,4484.304933
Uttarahalli,2 BHK,1175,4700000,Urban,2,4000
Whitefield,2 BHK,1113,6200000,Urban,2,5570.530099
Uttarahalli,6 Bedroom,1200,22500000,Urban,6,18750
Ramamurthy Nagar,5 Bedroom,1640,24000000,Urban,5,14634.14634
Giri Nagar,2 BHK,650,4200000,Urban,2,6461.538462
Marathahalli,2 BHK,1325,7155000,Urban,2,5400
Electronics City Phase 1,2 BHK,950,3100000,Urban,2,3263.157895
Jakkur,3 BHK,1396,8651000,Urban,3,6196.991404
Rachenahalli,2 BHK,1050,5207000,Urban,2,4959.047619
Thanisandra,3 BHK,1825,10000000,Urban,3,5479.452055
7th Phase JP Nagar,2 BHK,1190,4998000,Urban,2,4200
Marathahalli,2 BHK,1220,5650000,Urban,2,4631.147541
NRI Layout,3 BHK,1565,7500000,Urban,3,4792.332268
Hennur Road,3 BHK,1891,10900000,Urban,3,5764.145955
Sidedahalli,2 BHK,900,2700000,Urban,2,3000
Hosa Road,2 BHK,1161,5515000,Urban,2,4750.215332
Sarjapur,1 BHK,649.5,1753500,Urban,1,2699.769053
Dwarka Nagar,8 Bedroom,2400,12500000,Urban,8,5208.333333
Rajaji Nagar,4 Bedroom,315,9000000,Urban,4,28571.42857
Yeshwanthpur,1 BHK,665,3685000,Urban,1,5541.353383
Mysore Road,2 BHK,1175,7350000,Urban,2,6255.319149
Hoodi,2 BHK,1425,8000000,Urban,2,5614.035088
Chikkabanavar,1 Bedroom,1200,2000000,Rural,1,1666.666667
ITPL,3 Bedroom,1200,5612000,Urban,3,4676.666667
Somasundara Palya,2 BHK,1255,6700000,Urban,2,5338.645418
Hegde Nagar,3 BHK,2112.95,14500000,Urban,3,6862.443503
Raja Rajeshwari Nagar,1 BHK,600,2200000,Urban,1,3666.666667
Haralur Road,3 BHK,1810,10000000,Urban,3,5524.861878
Indira Nagar,2 BHK,1200,9300000,Urban,2,7750
Harlur,2 BHK,1033,4900000,Rural,2,4743.465634
ITPL,3 BHK,1548,8950000,Urban,3,5781.653747
Horamavu Banaswadi,3 BHK,1611,6600000,Urban,3,4096.834264
Electronic City Phase II,3 BHK,1400,4043000,Urban,3,2887.857143
Vidyaranyapura,3 BHK,1485,6700000,Urban,3,4511.784512
Margondanahalli,2 Bedroom,2400,8200000,Urban,2,3416.666667
Pattandur Agrahara,2 BHK,1025,4450000,Urban,2,4341.463415
Thurahalli,4 Bedroom,600,6500000,Urban,4,10833.33333
Hallehalli,2 BHK,1225,5300000,Urban,2,4326.530612
5th Phase JP Nagar,2 BHK,1256,6280000,Urban,2,5000
Whitefield,4 BHK,2268,16300000,Urban,4,7186.948854
Kanakpura Road,3 BHK,1100,5300000,Urban,3,4818.181818
Vadarpalya,2 BHK,1141,6200000,Urban,2,5433.829974
Attibele,1 BHK,400,1200000,Rural,1,3000
Chandapura,2 Bedroom,1400,6000000,Urban,2,4285.714286
Kattigenahalli,7 BHK,4100,14000000,Urban,7,3414.634146
Weavers Colony,1 BHK,15,3000000,Urban,1,200000
Raghavendra Nagar,2 BHK,1175,4827000,Urban,2,4108.085106
Sahakara Nagar,2 BHK,1100,5600000,Urban,2,5090.909091
Kanakpura Road,3 BHK,1843,9584000,Urban,3,5200.217037
1st Phase JP Nagar,8 Bedroom,1200,24000000,Urban,8,20000
Horamavu Banaswadi,2 BHK,1460,8050000,Urban,2,5513.69863
Rachenahalli,3 BHK,1530,7450000,Urban,3,4869.281046
HSR Layout,2 BHK,1467,5500000,Urban,2,3749.147921
KR Layout,1 BHK,950,4000000,Urban,1,4210.526316
Vittasandra,2 BHK,1246,6450000,Rural,2,5176.565008
Kanakapura,1 BHK,711,3800000,Urban,1,5344.585091
Haralur Road,2 BHK,1194,4600000,Urban,2,3852.596315
Babusapalaya,3 BHK,1358,4340000,Rural,3,3195.876289
Nagasandra,6 Bedroom,1500,13000000,Rural,6,8666.666667
Hoodi,2 BHK,1420,7500000,Rural,2,5281.690141
Kathriguppe,3 BHK,1250,6875000,Rural,3,5500
Akshaya Nagar,2 BHK,1280,5800000,Urban,2,4531.25
Nagappa Reddy Layout,2 BHK,1209,5000000,Urban,2,4135.649297
Kempapura,5 Bedroom,4200,22500000,Urban,5,5357.142857
BTM 1st Stage,4 Bedroom,1215,20500000,Rural,4,16872.42798
Panathur,3 BHK,1315,5480000,Rural,3,4167.30038
Kariyammana Agrahara,3 BHK,1800,9000000,Urban,3,5000
Hessarghatta,5 Bedroom,1600,12500000,Rural,5,7812.5
TC Palaya,3 BHK,1600,6500000,Rural,3,4062.5
Binnamangala,6 Bedroom,3968,90000000,Rural,6,22681.45161
Suraksha Nagar,3 BHK,1563,5200000,Urban,3,3326.935381
Whitefield,3 BHK,1560,7200000,Urban,3,4615.384615
Brookefield,3 BHK,2169,11500000,Rural,3,5301.98248
Lakshmi Layout,9 Bedroom,900,17000000,Urban,9,18888.88889
Rachenahalli,2 BHK,1050,5550000,Urban,2,5285.714286
Iblur Village,3 BHK,3235,23500000,Rural,3,7264.296754
TC Palaya,3 Bedroom,1200,6600000,Rural,3,5500
HSR Layout,2 BHK,1140,4600000,Urban,2,4035.087719
7th Phase JP Nagar,3 Bedroom,1500,17000000,Urban,3,11333.33333
Horamavu Agara,3 BHK,1560,7500000,Urban,3,4807.692308
JP Nagar,2 BHK,1100,7000000,Urban,2,6363.636364
Kasavanhalli,3 BHK,1260,4032000,Urban,3,3200
Hebbal,2 BHK,1036,5000000,Urban,2,4826.254826
Akshaya Nagar,3 BHK,1662,8510000,Urban,3,5120.336943
Yelachenahalli,3 BHK,1464,10500000,Urban,3,7172.131148
Yelahanka,2 BHK,1234,8000000,Urban,2,6482.982172
Sarjapur  Road,3 BHK,1403,5500000,Urban,3,3920.171062
Kadugondanahalli,4 Bedroom,915,5490000,Urban,4,6000
2nd Stage Nagarbhavi,6 Bedroom,3000,45100000,Urban,6,15033.33333
Seegehalli,3 BHK,1150,4290000,Urban,3,3730.434783
Hebbal,4 BHK,3900,41000000,Urban,4,10512.82051
Yeshwanthpur,5 Bedroom,850,9000000,Rural,5,10588.23529
Kanakapura,2 BHK,929,4600000,Urban,2,4951.560818
2nd Stage Nagarbhavi,6 Bedroom,2400,45000000,Urban,6,18750
TC Palaya,3 Bedroom,1350,7500000,Rural,3,5555.555556
Vasanthapura,2 BHK,1135,3973000,Urban,2,3500.440529
Basava Nagar,2 BHK,1405,7000000,Urban,2,4982.206406
Whitefield,2 Bedroom,1200,4584000,Urban,2,3820
Haralur Road,4 BHK,2805,15400000,Urban,4,5490.196078
Yeshwanthpur,2 BHK,1161,6408000,Rural,2,5519.379845
Kanakpura Road,2 BHK,1290,7400000,Urban,2,5736.434109
Yeshwanthpur,3 BHK,2557,14100000,Rural,3,5514.27454
2nd Block Hrbr Layout,3 BHK,1480,9000000,Urban,3,6081.081081
BTM 1st Stage,9 Bedroom,3300,50000000,Rural,9,15151.51515
Old Madras Road,3 BHK,1350,5454000,Urban,3,4040
Kadugodi,3 BHK,1580,6500000,Rural,3,4113.924051
Banashankari,3 BHK,1470,8864000,Urban,3,6029.931973
Ananth Nagar,1 BHK,500,1400000,Urban,1,2800
Sarjapur  Road,2 BHK,1346,6192000,Urban,2,4600.297177
Canara Bank Layout,3 BHK,1600,9000000,Urban,3,5625
Naganathapura,2 BHK,720,12000000,Urban,2,16666.66667
Manjunath Nagar,4 Bedroom,1200,13500000,Urban,4,11250
Basapura,2 BHK,1200,3500000,Urban,2,2916.666667
Channasandra,3 BHK,1340,4833000,Rural,3,3606.716418
Devanahalli,4 Bedroom,6136,56000000,Urban,4,9126.466754
Jigani,2 BHK,918,4800000,Rural,2,5228.75817
Singena Agrahara,3 Bedroom,1500,11500000,Urban,3,7666.666667
Yelahanka,2 BHK,1315,8500000,Urban,2,6463.878327
Sector 1 HSR Layout,4 Bedroom,2400,77500000,Urban,4,32291.66667
Uttarahalli,3 BHK,1390,6255000,Urban,3,4500
Uttarahalli,3 BHK,1330,5600000,Urban,3,4210.526316
Jalahalli,5 BHK,3100,26500000,Urban,5,8548.387097
Mango Garden Layout,3 BHK,1824,12500000,Urban,3,6853.070175
7th Phase JP Nagar,3 BHK,1420,9600000,Urban,3,6760.56338
Kacharakanahalli,1 Bedroom,750,5625000,Urban,1,7500
Jalahalli East,3 BHK,1260,6000000,Urban,3,4761.904762
Hennur Road,3 BHK,1561,9500000,Urban,3,6085.842409
5th Phase JP Nagar,9 Bedroom,812,16500000,Urban,9,20320.19704
"Bidere Agarahara, Behind Safal market",2 BHK,1060,4200000,Urban,2,3962.264151
Hoodi,8 Bedroom,1120,14500000,Rural,8,12946.42857
Haralur Road,2 BHK,1225,6738000,Urban,2,5500.408163
Thanisandra,3 BHK,2144,13500000,Rural,3,6296.641791
Kengeri,7 Bedroom,1200,14000000,Rural,7,11666.66667
Electronic City,2 BHK,880,2900000,Urban,2,3295.454545
Hoodi,3 BHK,1639,11000000,Rural,3,6711.409396
Thanisandra,3 BHK,1240,6200000,Rural,3,5000
Kanakpura Road,2 BHK,1500,6900000,Urban,2,4600
Haralur Road,2 BHK,1243,4600000,Urban,2,3700.724055
Marathahalli,3 BHK,1575,7800000,Urban,3,4952.380952
Haralur Road,2 BHK,1027,4400000,Urban,2,4284.323272
Kambipura,3 BHK,1082,5600000,Urban,3,5175.600739
Konanakunte,3 BHK,1637,7300000,Rural,3,4459.376909
Kanakpura Road,3 BHK,1665,8658000,Urban,3,5200
Electronic City,2 BHK,1265,5693000,Urban,2,4500.395257
Electronic City,3 BHK,1691,10200000,Urban,3,6031.933767
Thanisandra,2 BHK,1100,3800000,Rural,2,3454.545455
Grihalakshmi Layout,5 Bedroom,24,15000000,Urban,5,625000
Gopalkrishna Nagar,3 Bedroom,1500,6200000,Urban,3,4133.333333
Hosakerehalli,4 BHK,3205,38000000,Urban,4,11856.47426
Kammanahalli,5 Bedroom,1666,15000000,Urban,5,9003.601441
Choodasandra,2 BHK,1115,5000000,Rural,2,4484.304933
Mysore Road,2 BHK,1070,4500000,Urban,2,4205.607477
Indira Nagar,2 BHK,1128,10500000,Urban,2,9308.510638
Budigere,2 BHK,1162,5700000,Rural,2,4905.335628
Sai Gardens,2 BHK,1339,5500000,Rural,2,4107.542942
Mahadevpura,2 BHK,1192,7500000,Urban,2,6291.946309
Haralur Road,3 BHK,1920,11500000,Urban,3,5989.583333
Hennur,2 BHK,1255,5232000,Rural,2,4168.924303
Rajaji Nagar,2 BHK,1357,11500000,Urban,2,8474.576271
Dodda Kempaiah Layout,3 BHK,1600,7500000,Urban,3,4687.5
Hanumanth Nagar,2 BHK,1225,5511000,Urban,2,4498.77551
Whitefield,4 Bedroom,2400,20000000,Urban,4,8333.333333
Kasturi Nagar,3 BHK,1570,8000000,Urban,3,5095.541401
Thanisandra,2 BHK,1093,7000000,Rural,2,6404.391583
Basaveshwara Nagar,3 BHK,1865,14500000,Urban,3,7774.798928
R.T. Nagar,6 Bedroom,1200,16500000,Urban,6,13750
Kaikondrahalli,2 BHK,1039,8000000,Urban,2,7699.711261
Vittasandra,2 BHK,1246,6450000,Rural,2,5176.565008
Whitefield,3 BHK,1985,7500000,Urban,3,3778.337531
Hosakerehalli,3 BHK,1590,4900000,Urban,3,3081.761006
Hunasamaranahalli,4 Bedroom,4000,67500000,Urban,4,16875
Electronic City Phase II,2 BHK,775,3800000,Urban,2,4903.225806
RWF West Colony,2 BHK,1000,5000000,Urban,2,5000
Hebbal Kempapura,3 BHK,1800,17500000,Urban,3,9722.222222
Bommasandra,2 BHK,1035,4100000,Rural,2,3961.352657
Dasarahalli,3 BHK,1520,7500000,Urban,3,4934.210526
Whitefield,2 BHK,1360,9500000,Urban,2,6985.294118
Bileshivale,4 Bedroom,6000,40000000,Rural,4,6666.666667
Kodigehaali,2 BHK,1117,5600000,Rural,2,5013.428827
KR Puram,4 Bedroom,1200,12000000,Urban,4,10000
EPIP Zone,2 BHK,1330,9250000,Rural,2,6954.887218
Marathahalli,3 BHK,1937,16000000,Urban,3,8260.19618
Electronic City,2 BHK,1128,6549000,Urban,2,5805.851064
Neeladri Nagar,2 BHK,1053,4500000,Urban,2,4273.504274
Panathur,2 BHK,1198,7700000,Rural,2,6427.378965
Marathahalli,2 BHK,1152,5600000,Urban,2,4861.111111
1st Block Jayanagar,6 BHK,1200,12500000,Urban,6,10416.66667
Frazer Town,2 BHK,1625,7500000,Urban,2,4615.384615
Kundalahalli,3 BHK,1397,10500000,Urban,3,7516.105941
Yeshwanthpur,3 BHK,1523,17000000,Rural,3,11162.17991
Kambipura,2 BHK,883,4500000,Urban,2,5096.262741
Kaggalipura,1 BHK,700,3800000,Urban,1,5428.571429
Yelahanka,2 BHK,1170,6250000,Urban,2,5341.880342
Kanakpura Road,3 BHK,1200,4200000,Urban,3,3500
Manayata Tech Park,3 BHK,2400,17000000,Rural,3,7083.333333
Kullappa Colony,2 BHK,1480,6500000,Urban,2,4391.891892
Akshaya Nagar,3 BHK,1897,12000000,Urban,3,6325.777543
Rachenahalli,2 BHK,996,6700000,Urban,2,6726.907631
Haralur Road,3 BHK,1875,11000000,Urban,3,5866.666667
Williams Town,3 BHK,1500,9800000,Urban,3,6533.333333
Jaya Nagar East,3 BHK,3095,35000000,Urban,3,11308.5622
Ambalipura,3 BHK,1390,17500000,Urban,3,12589.92806
Yelahanka,3 BHK,1450,6525500,Urban,3,4500.344828
Yelahanka,1 BHK,697,4500000,Urban,1,6456.241033
Sarjapur  Road,1 BHK,710,2700000,Urban,1,3802.816901
Iggalur,2 BHK,910,3050000,Rural,2,3351.648352
Sompura,3 BHK,1025,4800000,Urban,3,4682.926829
Magadi Road,2 BHK,1000,4650000,Urban,2,4650
Harlur,4 Bedroom,1200,24400000,Rural,4,20333.33333
Horamavu Agara,3 BHK,1453,4648000,Urban,3,3198.89883
Sarjapur  Road,4 BHK,3335,30000000,Urban,4,8995.502249
Thanisandra,2 BHK,971.5,3643500,Rural,2,3750.386001
Bellandur,2 BHK,1281,7400000,Urban,2,5776.736924
Cooke Town,1 BHK,565,3500000,Urban,1,6194.690265
Varthur,2 BHK,1024,4200000,Rural,2,4101.5625
Electronic City,3 BHK,1620,6200000,Urban,3,3827.160494
Whitefield,2 BHK,1254,4000000,Urban,2,3189.792663
Banashankari,3 BHK,1300,7500000,Urban,3,5769.230769
Doddakallasandra,2 BHK,1233,4300000,Rural,2,3487.429035
Chokkanahalli,1 Bedroom,1200,2800000,Urban,1,2333.333333
Hosur Road,3 BHK,1510,10500000,Urban,3,6953.642384
Kaggalipura,2 BHK,950,6500000,Urban,2,6842.105263
Battarahalli,3 BHK,1945,9742000,Urban,3,5008.74036
Uttarahalli,2 BHK,1008,4500000,Urban,2,4464.285714
Thanisandra,3 BHK,1265,7900000,Rural,3,6245.059289
Hebbal,3 BHK,1255,7768000,Urban,3,6189.641434
Kanakpura Road,4 BHK,2689,22000000,Urban,4,8181.480104
Yelenahalli,2 BHK,1200,4617000,Urban,2,3847.5
Sarjapur  Road,3 BHK,1403,5163000,Urban,3,3679.97149
Kudlu Gate,3 BHK,1535,8500000,Rural,3,5537.459283
Chikkaballapur,3 Bedroom,1500,10000000,Rural,3,6666.666667
Chamrajpet,3 BHK,1475,12000000,Urban,3,8135.59322
Uttarahalli,3 BHK,1390,6047000,Urban,3,4350.359712
Raja Rajeshwari Nagar,3 BHK,1278,5376000,Urban,3,4206.57277
VGP Layout,2 BHK,1133,5500000,Urban,2,4854.368932
Classic Paradise Layout,5 Bedroom,1560,14500000,Urban,5,9294.871795
Byappanahalli,5 Bedroom,2900,9000000,Urban,5,3103.448276
Kogilu,2 BHK,1170,5199000,Rural,2,4443.589744
Sahakara Nagar,3 Bedroom,1200,20000000,Urban,3,16666.66667
Whitefield,3 BHK,1697,9479000,Urban,3,5585.73954
Thanisandra,3 BHK,1651,9738000,Rural,3,5898.243489
Vasanth nagar,3 BHK,1560,18800000,Urban,3,12051.28205
Hennur Road,3 BHK,1192,6000000,Urban,3,5033.557047
OMBR Layout,2 BHK,1078,6500000,Urban,2,6029.684601
Kumaraswami Layout,7 Bedroom,800,10500000,Urban,7,13125
Kasavanhalli,2 BHK,1349,7800000,Urban,2,5782.060786
Ulsoor,9 Bedroom,2300,21000000,Rural,9,9130.434783
7th Phase JP Nagar,3 BHK,1680,12000000,Urban,3,7142.857143
Rayasandra,3 BHK,1314,6300000,Rural,3,4794.520548
Garudachar Palya,2 BHK,1060,4870000,Urban,2,4594.339623
Kalyan nagar,2 BHK,820,3900000,Urban,2,4756.097561
Whitefield,4 Bedroom,5000,40000000,Urban,4,8000
BEML Layout,3 BHK,2000,8500000,Urban,3,4250
Kalkere,2 BHK,856,4000000,Rural,2,4672.897196
Rajaji Nagar,3 BHK,1621,13000000,Urban,3,8019.740901
ITPL,3 Bedroom,1200,6840000,Urban,3,5700
Bannerghatta Road,3 BHK,1484,5250000,Urban,3,3537.735849
T.C. Palya,4 Bedroom,600,6000000,Urban,4,10000
Siddapura,4 Bedroom,14000,80000000,Urban,4,5714.285714
Yelahanka New Town,1 BHK,500,2000000,Urban,1,4000
Makali,1 BHK,485,1500000,Rural,1,3092.783505
7th Phase JP Nagar,2 BHK,1050,4200000,Urban,2,4000
Uttarahalli,3 BHK,1617,6668000,Urban,3,4123.685838
Electronic City,2 BHK,550,1600000,Urban,2,2909.090909
RWF West Colony,3 BHK,1384,6228000,Urban,3,4500
Devanahalli,2 BHK,1408,8500000,Urban,2,6036.931818
Uttarahalli,2 BHK,1150,4900000,Urban,2,4260.869565
Akshaya Nagar,3 BHK,1410,7500000,Urban,3,5319.148936
Kaggadasapura,4 BHK,2150,10000000,Urban,4,4651.162791
Koramangala,3 BHK,2292,27500000,Urban,3,11998.2548
Malleshwaram,3 BHK,2006,29700000,Rural,3,14805.58325
Maragondanahalli,3 BHK,1508,7025000,Urban,3,4658.488064
Ramamurthy Nagar,2 BHK,1040,5000000,Urban,2,4807.692308
TC Palaya,2 Bedroom,1240,6000000,Urban,2,4838.709677
Kudlu Gate,3 BHK,1535,7800000,Urban,3,5081.433225
Lakshminarayana Pura,2 BHK,1180,7500000,Urban,2,6355.932203
Abbigere,6 Bedroom,2200,6800000,Urban,6,3090.909091
Bannerghatta Road,2 BHK,1400,7800000,Urban,2,5571.428571
Raja Rajeshwari Nagar,1 BHK,500,2500000,Urban,1,5000
Whitefield,4 Bedroom,4800,52500000,Urban,4,10937.5
Sarjapur  Road,3 BHK,1984,14600000,Urban,3,7358.870968
Whitefield,4 Bedroom,3000,25000000,Urban,4,8333.333333
Garudachar Palya,3 BHK,1960,16000000,Urban,3,8163.265306
Sarjapur  Road,2 BHK,1035,4500000,Urban,2,4347.826087
Vibuthipura,4 Bedroom,2150,8000000,Urban,4,3720.930233
Whitefield,3 BHK,1700,11500000,Urban,3,6764.705882
Hosakerehalli,4 BHK,3024,24800000,Urban,4,8201.058201
Tumkur Road,3 BHK,1586,10000000,Urban,3,6305.17024
Hennur,3 Bedroom,2264,15500000,Urban,3,6846.289753
Chikka Tirupathi,4 Bedroom,2325,12000000,Urban,4,5161.290323
Yelahanka,2 BHK,1120,5500000,Urban,2,4910.714286
Yelahanka,3 BHK,1662,6798000,Urban,3,4090.252708
Sarjapur  Road,2 BHK,1128,5900000,Urban,2,5230.496454
5th Block Hbr Layout,6 Bedroom,1200,25000000,Urban,6,20833.33333
Jigani,2 BHK,924,6500000,Rural,2,7034.632035
Suraksha Nagar,3 BHK,1600,5200000,Urban,3,3250
Pai Layout,2 BHK,1006,3500000,Urban,2,3479.125249
Amruthahalli,2 BHK,1200,5500000,Urban,2,4583.333333
Jalahalli West,2 BHK,1250,6200000,Urban,2,4960
Defence Layout,3 Bedroom,1200,13000000,Urban,3,10833.33333
Kannamangala,2 BHK,957,5600000,Urban,2,5851.619645
Whitefield,2 BHK,1140,4100000,Urban,2,3596.491228
Roopena Agrahara,2 BHK,1050,6700000,Urban,2,6380.952381
Kasturi Nagar,3 BHK,1565,8850000,Urban,3,5654.952077
Whitefield,2 BHK,1190,5700000,Urban,2,4789.915966
Whitefield,3 Bedroom,2842,16200000,Urban,3,5700.211119
Kanakpura Road,3 BHK,1558.67,6500000,Urban,3,4170.222048
Electronics City Phase 1,1 BHK,630,3900000,Urban,1,6190.47619
Whitefield,3 BHK,1403,6081000,Urban,3,4334.283678
Kanakpura Road,3 BHK,1542,8500000,Urban,3,5512.32166
Haralur Road,4 Bedroom,2750,22000000,Urban,4,8000
Iblur Village,4 BHK,3596,29000000,Urban,4,8064.516129
Kengeri Satellite Town,3 BHK,1635,7800000,Urban,3,4770.642202
Mysore Road,2 BHK,1239,5300000,Urban,2,4277.643261
Haralur Road,2 BHK,1194,4700000,Urban,2,3936.348409
Dooravani Nagar,3 BHK,1596,10500000,Urban,3,6578.947368
Channasandra,2 BHK,1009,3834000,Urban,2,3799.801784
Hosa Road,3 BHK,1726,8199000,Urban,3,4750.289687
Kudlu Gate,3 BHK,1535,8600000,Urban,3,5602.605863
Banashankari Stage V,3 BHK,1300,5850000,Urban,3,4500
Whitefield,4 Bedroom,3100,46500000,Urban,4,15000
Coconut Garden,3 BHK,1800,8000000,Urban,3,4444.444444
Binny Pete,1 BHK,665,5075000,Urban,1,7631.578947
Chamrajpet,9 Bedroom,4050,120000000,Urban,9,29629.62963
TC Palaya,3 Bedroom,1500,10000000,Urban,3,6666.666667
Kalkere,2 BHK,925,4800000,Urban,2,5189.189189
Old Airport Road,4 BHK,3356,25100000,Urban,4,7479.141836
Gollahalli,2 BHK,1395,6359000,Rural,2,4558.422939
Sonnenahalli,3 BHK,1415,5500000,Rural,3,3886.925795
Begur,3 BHK,1419,5900000,Urban,3,4157.857646
Kasavanhalli,2 BHK,1121,7800000,Urban,2,6958.073149
Kambipura,3 BHK,1082,4500000,Urban,3,4158.96488
KR Puram,2 BHK,1100,4700000,Urban,2,4272.727273
Hoodi,3 BHK,1606,8955000,Urban,3,5575.965131
Billekahalli,3 BHK,1650,8800000,Urban,3,5333.333333
D Souza Layout,3 BHK,4634,101500000,Urban,3,21903.32326
Old Airport Road,2 BHK,1206,7500000,Urban,2,6218.905473
Sarjapur  Road,3 BHK,1495,6400000,Urban,3,4280.936455
Malleshwaram,8 Bedroom,840,19500000,Urban,8,23214.28571
Electronic City,2 BHK,710,1600000,Urban,2,2253.521127
Balagere,2 BHK,1210,7200000,Urban,2,5950.413223
Nagarbhavi,3 BHK,1523,5340000,Urban,3,3506.237689
Whitefield,2 BHK,1232,4500000,Urban,2,3652.597403
Rachenahalli,1 BHK,680,4400000,Urban,1,6470.588235
Hebbal,3 BHK,1355,8387000,Urban,3,6189.667897
Thanisandra,3 BHK,1430,5146000,Urban,3,3598.601399
Kothannur,3 BHK,1275,4385000,Urban,3,3439.215686
Electronic City,2 BHK,1070,5610000,Urban,2,5242.990654
Bettahalsoor,3 Bedroom,1200,8500000,Rural,3,7083.333333
Electronic City,4 Bedroom,2000,12000000,Urban,4,6000
Bommanahalli,2 BHK,1200,4000000,Urban,2,3333.333333
Marathahalli,3 BHK,1610,9000000,Urban,3,5590.062112
Haralur Road,2 BHK,1140,4300000,Urban,2,3771.929825
Raja Rajeshwari Nagar,2 BHK,1143,3865000,Urban,2,3381.452318
Jakkur,4 BHK,3467.86,24900000,Urban,4,7180.220655
Rachenahalli,3 BHK,1530,7440000,Urban,3,4862.745098
7th Phase JP Nagar,2 BHK,980,6900000,Urban,2,7040.816327
Whitefield,3 BHK,1485,6500000,Urban,3,4377.104377
Whitefield,3 Bedroom,1500,13000000,Urban,3,8666.666667
Whitefield,2 BHK,1280,7500000,Urban,2,5859.375
Thanisandra,2 BHK,1265,8500000,Urban,2,6719.367589
"ECC Road, Whitefield, ",2 BHK,1132,6700000,Urban,2,5918.727915
Ashwath Nagar,2 BHK,1262,6300000,Urban,2,4992.07607
JP Nagar,2 BHK,940,4900000,Urban,2,5212.765957
Seetharampalya,3 BHK,1515,8800000,Urban,3,5808.580858
Jigani,3 BHK,1300,15000000,Rural,3,11538.46154
Kothanur,3 Bedroom,1840,6900000,Urban,3,3750
Electronic City,2 BHK,890,4500000,Urban,2,5056.179775
Rukmaiah Layout,3 BHK,1655,8606000,Urban,3,5200
Hennur Road,3 BHK,2060,14900000,Urban,3,7233.009709
Bommanahalli,3 BHK,1730,9600000,Urban,3,5549.132948
Yelahanka,3 BHK,2195,12700000,Urban,3,5785.876993
Kathriguppe,3 BHK,1650,12500000,Urban,3,7575.757576
KR Puram,2 Bedroom,1200,7100000,Urban,2,5916.666667
Hosa Road,2 BHK,1079,3237000,Urban,2,3000
Panathur,2 BHK,1085,3600000,Urban,2,3317.97235
Maruthi Sevanagar,7 Bedroom,5000,29900000,Urban,7,5980
Yelahanka,2 BHK,1075,5150000,Urban,2,4790.697674
Devanahalli Int. Airport,2 BHK,1380,8000000,Urban,2,5797.101449
Puttanahalli,3 BHK,1450,6500000,Urban,3,4482.758621
Thubarahalli,2 BHK,1200,7800000,Urban,2,6500
Benson Town,3 BHK,3200,35000000,Urban,3,10937.5
Hoodi,3 BHK,1639,9832000,Urban,3,5998.779744
Jakkuru Layout,2 BHK,1200,5400000,Urban,2,4500
Vijayanagar,3 BHK,1739,11600000,Urban,3,6670.500288
Palanahalli,4 Bedroom,4346,50000000,Rural,4,11504.83203
Old Madras Road,2 BHK,935,3272000,Urban,2,3499.465241
 Thanisandra,1 RK,510,2525000,Urban,1,4950.980392
Devasandra Extension,6 Bedroom,1200,18000000,Urban,6,15000
Nagondanahalli,2 BHK,1178,4700000,Urban,2,3989.813243
Chikkalasandra,3 BHK,1375,5000000,Urban,3,3636.363636
Chandapura,3 BHK,1065,3300000,Rural,3,3098.591549
2nd Phase Judicial Layout,3 BHK,1450,5075000,Urban,3,3500
BEML Layout,2 BHK,999,4500000,Urban,2,4504.504505
Amruthahalli,2 BHK,4400,47500000,Urban,2,10795.45455
Marathahalli,5 Bedroom,1350,13500000,Urban,5,10000
Kothannur,2 BHK,1100,4000000,Urban,2,3636.363636
Koramangala,3 BHK,1835,15500000,Urban,3,8446.866485
Hoodi,4 BHK,2090,9510000,Urban,4,4550.239234
Lingadheeranahalli,3 BHK,1519,9300000,Urban,3,6122.44898
Dommasandra,3 BHK,1267,5600000,Urban,3,4419.889503
Sanjay nagar,2 BHK,1150,7220000,Urban,2,6278.26087
Marathahalli,2 BHK,1146,7000000,Urban,2,6108.202443
1st Block HRBR Layout,8 Bedroom,1200,23500000,Urban,8,19583.33333
Kannamangala,3 BHK,1550,6500000,Urban,3,4193.548387
Chandapura,2 BHK,850,1850000,Rural,2,2176.470588
Richmond Town,3 BHK,2200,18700000,Urban,3,8500
"Sarjapur Road, ",3 Bedroom,3329,33000000,Urban,3,9912.886753
Electronics City Phase 1,1 BHK,785,5500000,Urban,1,7006.369427
Hebbal Kempapura,3 BHK,2900,30000000,Urban,3,10344.82759
Raja Rajeshwari Nagar,3 BHK,1610,7400000,Urban,3,4596.273292
Bellandur,2 BHK,921,4000000,Urban,2,4343.10532
Kengeri Satellite Town,3 Bedroom,850,9500000,Urban,3,11176.47059
Bannerghatta Road,5 Bedroom,2700,15800000,Urban,5,5851.851852
Sarjapur  Road,3 BHK,1700,11000000,Urban,3,6470.588235
Sarjapur,2 BHK,1020,3500000,Urban,2,3431.372549
Billekahalli,2 BHK,1090,5200000,Urban,2,4770.642202
Bagalur Main Road,4 Bedroom,3600,30000000,Urban,4,8333.333333
Haralur Road,2 BHK,1027,4400000,Urban,2,4284.323272
Thanisandra,2 BHK,1185,4210000,Urban,2,3552.742616
Doddathoguru,2 BHK,850,2500000,Urban,2,2941.176471
Harlur,2 BHK,1197,8400000,Urban,2,7017.54386
Byadarahalli,4 BHK,3500,45000000,Urban,4,12857.14286
Poorna Pragna Layout,2 BHK,920,3955000,Urban,2,4298.913043
Raja Rajeshwari Nagar,2 BHK,1105,6500000,Urban,2,5882.352941
Yeshwanthpur,3 BHK,1850,10000000,Urban,3,5405.405405
Judicial Layout,3 BHK,1300,6400000,Urban,3,4923.076923
"Varthur Road, ",3 BHK,1595,7600000,Urban,3,4764.890282
Kodihalli,4 BHK,3073,69600000,Urban,4,22648.87732
Horamavu Agara,2 BHK,755,3749000,Urban,2,4965.562914
Nagasandra,5 Bedroom,4050,14000000,Urban,5,3456.790123
Kanakpura Road,3 BHK,1300,6900000,Urban,3,5307.692308
Bannerghatta Road,2 BHK,1215,5000000,Urban,2,4115.226337
Kanakpura Road,2 BHK,900,4600000,Urban,2,5111.111111
Banashankari Stage III,2 BHK,1145,5840000,Urban,2,5100.436681
Chikka Banaswadi,2 BHK,1093,6500000,Urban,2,5946.935041
Babusapalaya,3 BHK,1213,4139000,Urban,3,3412.201154
Bannerghatta Road,3 BHK,1654,10000000,Urban,3,6045.949214
NGR Layout,2 BHK,1105,5248000,Urban,2,4749.321267
Babusapalaya,3 BHK,1611,6600000,Urban,3,4096.834264
Outer Ring Road East,2 BHK,1367,6200000,Urban,2,4535.479151
Devanahalli,2 BHK,1010,5100000,Rural,2,5049.50495
Kavika Layout,3 Bedroom,750,7500000,Urban,3,10000
Vinayaka Nagar,3 BHK,1535,9500000,Urban,3,6188.925081
Anekal,2 BHK,620,2200000,Rural,2,3548.387097
Horamavu Agara,2 BHK,982,4765000,Urban,2,4852.342159
Banashankari Stage II,2 BHK,1700,15000000,Urban,2,8823.529412
Whitefield,2 BHK,1330,7100000,Urban,2,5338.345865
JP Nagar,3 Bedroom,2500,13500000,Urban,3,5400
Poorna Pragna Layout,3 BHK,1475,5899000,Urban,3,3999.322034
Bhoganhalli,3 BHK,1410,6500000,Urban,3,4609.929078
Yelahanka New Town,1 BHK,440,1650000,Urban,1,3750
Yelahanka,3 BHK,1614,9500000,Urban,3,5885.997522
Neeladri Nagar,2 BHK,1363,6800000,Urban,2,4988.994864
Kogilu,2 Bedroom,650,2800000,Urban,2,4307.692308
Dodda Kempaiah Layout,2 BHK,1015,4500000,Urban,2,4433.497537
Horamavu Banaswadi,2 BHK,1156,4600000,Urban,2,3979.238754
Hennur Busstop,2 BHK,1100,6270000,Urban,2,5700
KR Puram,3 BHK,1455,4600000,Urban,3,3161.512027
GB Palya,2 BHK,930,4500000,Urban,2,4838.709677
AMS Layout,3 BHK,1650,8000000,Urban,3,4848.484848
KR Puram,2 Bedroom,1200,9000000,Urban,2,7500
9th Block Jayanagar,1 Bedroom,700,15000000,Urban,1,21428.57143
Karuna Nagar,4 BHK,2900,13500000,Urban,4,4655.172414
Kadugodi,3 BHK,1890,12700000,Urban,3,6719.57672
Ashwathnagar,3 BHK,2197,28000000,Urban,3,12744.6518
Hebbal Kempapura,3 BHK,3522,38000000,Urban,3,10789.32425
Gaurava Nagar,3 BHK,1240,4600000,Urban,3,3709.677419
HRBR Layout,2 BHK,1440,9800000,Urban,2,6805.555556
Kodichikkanahalli,1 BHK,650,3800000,Urban,1,5846.153846
Budigere,1 BHK,764,3200000,Urban,1,4188.481675
Sector 7 HSR Layout,5 Bedroom,900,9000000,Urban,5,10000
Raja Rajeshwari Nagar,3 BHK,1693,5739000,Urban,3,3389.84052
Hoodi,3 BHK,1445,6500000,Urban,3,4498.269896
Kanakpura Road,2 BHK,900,4500000,Urban,2,5000
Singasandra,2 BHK,1030,5500000,Urban,2,5339.805825
Yelahanka,3 BHK,1381,5248000,Urban,3,3800.144823
Basapura,2 BHK,1100,6000000,Urban,2,5454.545455
Hoodi,3 BHK,1575,6639000,Urban,3,4215.238095
Thigalarapalya,2 Bedroom,1200,6500000,Urban,2,5416.666667
Begur Road,2 BHK,1200,4320000,Urban,2,3600
Kasturi Nagar,2 BHK,1080,8000000,Urban,2,7407.407407
Hebbal Kempapura,5 Bedroom,2280,20000000,Urban,5,8771.929825
Akshaya Nagar,3 BHK,1360,8500000,Urban,3,6250
Jakkur,3 BHK,1865,12400000,Urban,3,6648.793566
Sarjapur  Road,3 BHK,1157,7500000,Urban,3,6482.281763
Kammasandra,2 BHK,674,2900000,Urban,2,4302.670623
Whitefield,3 BHK,1405,7800000,Urban,3,5551.601423
Begur Road,2 BHK,1160,4408000,Urban,2,3800
Kengeri Satellite Town ( BDA SITE),4 Bedroom,1600,17200000,Urban,4,10750
Hebbal,3 BHK,1790,12700000,Urban,3,7094.972067
Electronic City,2 BHK,1128,6565000,Urban,2,5820.035461
Panathur,2 BHK,1180,7000000,Urban,2,5932.20339
AGS Layout,3 BHK,1450,8500000,Urban,3,5862.068966
Kengeri,1 BHK,340,1000000,Urban,1,2941.176471
Srinagar,4 Bedroom,2000,16600000,Urban,4,8300
Rachenahalli,2 BHK,1050,5350000,Urban,2,5095.238095
Varthur,2 BHK,1125,4000000,Urban,2,3555.555556
Vittasandra,2 BHK,1246,6800000,Urban,2,5457.463884
HSR Layout,2 BHK,1372,6100000,Urban,2,4446.06414
Uttarahalli,3 BHK,1330,5600000,Urban,3,4210.526316
Binny Pete,3 BHK,2465,23400000,Urban,3,9492.900609
Dasarahalli,2 BHK,1300,5500000,Urban,2,4230.769231
Brigade Road,2 Bedroom,1420,22000000,Urban,2,15492.95775
Bannerghatta,4 Bedroom,810,5000000,Urban,4,6172.839506
Channasandra,2 BHK,1065,3500000,Urban,2,3286.384977
Hessarghatta,2 BHK,700,2700000,Rural,2,3857.142857
Hebbal,2 BHK,687.325,4272000,Urban,2,6215.400284
Belathur,2 BHK,1050,4500000,Urban,2,4285.714286
Maruthi HBCS Layout,3 BHK,1250,3950000,Urban,3,3160
Electronic City,2 BHK,865,4200000,Urban,2,4855.491329
Uttarahalli,2 BHK,1200,4400000,Urban,2,3666.666667
Srirampura,3 BHK,1756,10000000,Urban,3,5694.76082
Malleshwaram,9 Bedroom,750,15000000,Urban,9,20000
Yelahanka,1 BHK,628,2400000,Urban,1,3821.656051
9th Phase JP Nagar,7 Bedroom,1200,19500000,Urban,7,16250
5th Phase JP Nagar,2 BHK,1207,6300000,Urban,2,5219.55261
Kalena Agrahara,3 BHK,1765,12500000,Urban,3,7082.152975
Electronic City,2 BHK,1130,3264000,Urban,2,2888.495575
Devanahalli Road,3 BHK,1532,9200000,Urban,3,6005.221932
Ejipura,3 BHK,1650,11000000,Urban,3,6666.666667
Horamavu Banaswadi,4 Bedroom,1200,10500000,Urban,4,8750
Bhoganhalli,2 BHK,804.1,6909000,Urban,2,8592.214899
